Entrez_ID,Ensembl_ID,Gene_Symbol,Gene_Name,log2FC,AveExpr,t_statistic,P_Value,FDR_padj,neg_log10_FDR,Regulation,Algorithm_Votes,Is_In_Consensus_Panel
80332,ENSG00000149451,ADAM33,ADAM metallopeptidase domain 33,1.16840752186125,4.07160948027286,6.74465262001178,2.9319067080411702e-09,2.41429728626649e-05,4.6172092537764735,Upregulated (PD),4,Yes
147912,ENSG00000177045,SIX5,SIX homeobox 5,1.11038706254437,2.22155434849231,6.5458322606807,6.824814987094041e-09,2.41429728626649e-05,4.6172092537764735,Upregulated (PD),2,Yes
3315,ENSG00000106211,HSPB1,heat shock protein family B (small) member 1,1.69144243208973,7.06261523748051,6.49676713715074,8.399876368704471e-09,2.41429728626649e-05,4.6172092537764735,Upregulated (PD),2,Yes
140876,ENSG00000042062,RIPOR3,RIPOR family member 3,1.34539539149076,2.13300469969728,6.34107690761037,1.61943050245162e-08,2.41429728626649e-05,4.6172092537764735,Upregulated (PD),3,Yes
23615,ENSG00000290671,PYY2,peptide YY 2 (pseudogene),1.41660145707481,-0.447971916990242,6.32815826289784,1.7097843766692e-08,2.41429728626649e-05,4.6172092537764735,Upregulated (PD),0,No
9322,ENSG00000125733,TRIP10,thyroid hormone receptor interactor 10,1.2052425727792,3.40497297177126,6.26084359051886,2.26779405482351e-08,2.47010756504936e-05,4.6072841342341695,Upregulated (PD),1,No
6525,ENSG00000183963,SMTN,smoothelin,1.37063906605862,4.6173171827281,6.22586521631662,2.6254648636683e-08,2.47010756504936e-05,4.6072841342341695,Upregulated (PD),2,Yes
414332,ENSG00000187922,LCN10,lipocalin 10,1.6890345699333,-0.0295090108630645,6.21392660623893,2.75989724283572e-08,2.47838772406647e-05,4.6058307507240706,Upregulated (PD),0,No
729359,ENSG00000167676,PLIN4,perilipin 4,1.41678563799043,3.78318817299266,6.18804890910456,3.07511697208188e-08,2.65099683929235e-05,4.576590790063477,Upregulated (PD),0,No
150677,ENSG00000178602,OTOS,otospiralin,1.47257587892336,0.504813077677698,6.10616957457446,4.32631925046298e-08,3.21520112020614e-05,4.492791855503736,Upregulated (PD),1,No
64344,ENSG00000124440,HIF3A,hypoxia inducible factor 3 subunit alpha,1.56697691067449,5.44492173170424,6.08480498493392,4.72837081257686e-08,3.39686159175522e-05,4.46892214849693,Upregulated (PD),0,No
1969,ENSG00000142627,EPHA2,EPH receptor A2,1.23864072645633,1.80608269810195,6.06446382016496,5.1454075366398e-08,3.57722010418261e-05,4.446454337152933,Upregulated (PD),1,No
8515,ENSG00000143127,ITGA10,integrin subunit alpha 10,1.149610252775,2.87884332574242,6.04997691116537,5.4643892279078e-08,3.60082863648224e-05,4.443597546221332,Upregulated (PD),0,No
11136,ENSG00000021488,SLC7A9,solute carrier family 7 member 9,1.35064914807867,0.545113365855636,6.02684659401036,6.01465834021234e-08,3.70365475852161e-05,4.431369503484985,Upregulated (PD),0,No
101928156,,LOC101928156,uncharacterized LOC101928156,1.29715114810464,0.298830081367592,5.99782502764268,6.78307961241328e-08,3.77003803750778e-05,4.4236542679914495,Upregulated (PD),0,No
92922,ENSG00000135736,CCDC102A,coiled-coil domain containing 102A,1.11218878218684,0.839821900440823,5.99252869103115,6.93342904838432e-08,3.77003803750778e-05,4.4236542679914495,Upregulated (PD),0,No
107986085,,LINC02019,long intergenic non-protein coding RNA 2019,1.02797303417405,-0.060583602480156,5.98435215265411,7.17202856058922e-08,3.77003803750778e-05,4.4236542679914495,Upregulated (PD),2,Yes
54541,ENSG00000168209,DDIT4,DNA damage inducible transcript 4,1.27361977787072,5.9378676087011,5.97256578261201,7.53030449462764e-08,3.77425866205151e-05,4.42316833955736,Upregulated (PD),0,No
4489,ENSG00000205362,MT1A,metallothionein 1A,2.03154849827476,0.544300993863745,5.88635018706551,1.07469278515941e-07,4.07339505778765e-05,4.390043467867103,Upregulated (PD),2,Yes
4791,ENSG00000077150,NFKB2,nuclear factor kappa B subunit 2,1.15725155705845,2.94018263940055,5.87525833171283,1.1248821285145e-07,4.17990683340422e-05,4.378833398174575,Upregulated (PD),0,No
54863,ENSG00000198113,TOR4A,torsin family 4 member A,1.03241236099973,0.924054307113362,5.83300194635658,1.33818717097156e-07,4.5430734831064e-05,4.342650238521159,Upregulated (PD),0,No
3303,ENSG00000204389,HSPA1A,heat shock protein family A (Hsp70) member 1A,1.6313246613105,8.19371814031226,5.81017447876578,1.46954201012814e-07,4.65758373562967e-05,4.3318393284671455,Upregulated (PD),0,No
3304,ENSG00000204388,HSPA1B,heat shock protein family A (Hsp70) member 1B,1.51621977360079,8.19747135011102,5.75903495795936,1.81173549897749e-07,4.99028082439159e-05,4.301875014085635,Upregulated (PD),1,No
100316904,ENSG00000205307,SAP25,Sin3A associated protein 25,1.37668585397477,2.78299524091272,5.75110361521062,1.87141913140013e-07,4.99028082439159e-05,4.301875014085635,Upregulated (PD),0,No
4500,ENSG00000291105,MT1L,metallothionein 1L (pseudogene),1.47751599550357,1.21700148463171,5.74715864583083,1.90182290522677e-07,4.99028082439159e-05,4.301875014085635,Upregulated (PD),0,No
290,ENSG00000166825,ANPEP,"alanyl aminopeptidase, membrane",1.28817778921046,0.746409051881956,5.74228342395868,1.94006956985285e-07,4.99028082439159e-05,4.301875014085635,Upregulated (PD),0,No
440503,ENSG00000214456,PLIN5,perilipin 5,1.04993759072473,3.40779348783254,5.708109560242,2.23029946359228e-07,5.46220614083419e-05,4.262631913837913,Upregulated (PD),0,No
3337,ENSG00000132002,DNAJB1,DnaJ heat shock protein family (Hsp40) member B1,1.06027097838329,6.84974950345678,5.66917616676665,2.61332323914561e-07,5.76504186063528e-05,4.239197534895404,Upregulated (PD),3,Yes
28999,ENSG00000163884,KLF15,KLF transcription factor 15,1.01088307805219,4.82995729133801,5.66719701894949,2.63443671518919e-07,5.76504186063528e-05,4.239197534895404,Upregulated (PD),1,No
871,ENSG00000149257,SERPINH1,serpin family H member 1,1.57278558630452,3.66199607969488,5.62876771152401,3.07935984327558e-07,6.04467396783036e-05,4.218627118755354,Upregulated (PD),1,No
105375022,ENSG00000272217,LOC105375022,uncharacterized LOC105375022,1.29413950310419,-0.853375647924314,5.60798552269294,3.34999924742015e-07,6.31450291591246e-05,4.199660831866088,Upregulated (PD),0,No
8557,ENSG00000173991,TCAP,titin-cap,1.07953687147971,2.1087326174205,5.57727106396653,3.79338239820983e-07,6.5387466787496e-05,4.184505487557295,Upregulated (PD),0,No
23704,ENSG00000152049,KCNE4,potassium voltage-gated channel subfamily E regulatory subunit 4,1.7434637913712,2.07462990954391,5.56521902216069,3.98272208723624e-07,6.6539245290012e-05,4.176922129350004,Upregulated (PD),0,No
43847,ENSG00000129437,KLK14,kallikrein related peptidase 14,1.11585607198017,0.696486917282174,5.53820874473849,4.44148759033048e-07,7.14350302588078e-05,4.146088766972984,Upregulated (PD),0,No
348645,ENSG00000188511,MIR3667HG,MIR3667 host gene,1.24160443767325,0.742965415239972,5.48895217242938,5.415773454524e-07,7.88653712783117e-05,4.103113647791674,Upregulated (PD),0,No
2302,ENSG00000129654,FOXJ1,forkhead box J1,1.67356207563272,1.61926892089807,5.47757420429761,5.66913323314173e-07,8.03823417372832e-05,4.094839345882649,Upregulated (PD),0,No
4502,ENSG00000125148,MT2A,metallothionein 2A,1.22028397849258,6.50022693087047,5.472980703156,5.77469033802668e-07,8.07735101051842e-05,4.092731043945597,Upregulated (PD),0,No
6405,ENSG00000001617,SEMA3F,semaphorin 3F,1.09131653596416,2.86826988490143,5.45705430825531,6.15585742459316e-07,8.2648862031569e-05,4.082763121727289,Upregulated (PD),0,No
197259,ENSG00000168404,MLKL,mixed lineage kinase domain like pseudokinase,1.35735165496605,1.98570648805322,5.44223546367005,6.53267559103787e-07,8.38849614604257e-05,4.076315890663039,Upregulated (PD),1,No
5549,ENSG00000188783,PRELP,proline and arginine rich end leucine rich repeat protein,1.09572367135671,4.79238662473366,5.43987730488956,6.59469498974165e-07,8.38849614604257e-05,4.076315890663039,Upregulated (PD),2,Yes
8793,ENSG00000173530,TNFRSF10D,TNF receptor superfamily member 10d,1.61785463663522,1.43774047256949,5.4380015394724,6.64444043574486e-07,8.38849614604257e-05,4.076315890663039,Upregulated (PD),0,No
91450,,LOC91450,uncharacterized LOC91450,1.1890039660916,-1.97668566786894,5.41577117951429,7.26282695972854e-07,8.48355108925403e-05,4.071422320426331,Upregulated (PD),0,No
402573,ENSG00000185955,SPACDR,sperm acrosome developmental regulator,1.58569123470273,1.54557822792777,5.41425780735454,7.30692297452785e-07,8.48355108925403e-05,4.071422320426331,Upregulated (PD),0,No
84913,ENSG00000168874,ATOH8,atonal bHLH transcription factor 8,1.16622167343665,3.50157266263443,5.40451756282301,7.59709242866568e-07,8.48355108925403e-05,4.071422320426331,Upregulated (PD),0,No
284454,,MIR23AHG,miR-23a/27a/24-2 cluster host gene,1.14071815249019,1.45476136752751,5.3657222523461,8.8694570871116e-07,8.59594752541252e-05,4.065706244354785,Upregulated (PD),0,No
4494,ENSG00000198417,MT1F,metallothionein 1F,1.17562013928428,4.35272485602514,5.36536120144576,8.88223042113984e-07,8.59594752541252e-05,4.065706244354785,Upregulated (PD),0,No
9531,ENSG00000151929,BAG3,BAG cochaperone 3,1.43343577993533,5.19267789376992,5.35202688866919,9.36684202341512e-07,8.62710167900183e-05,4.064135083338126,Upregulated (PD),0,No
28231,ENSG00000101187,SLCO4A1,solute carrier organic anion transporter family member 4A1,1.41873553001511,4.94025730423345,5.34842277487492,9.50222473060179e-07,8.64101043856244e-05,4.063435470225534,Upregulated (PD),0,No
29941,ENSG00000160447,PKN3,protein kinase N3,1.01062459398289,2.33088958399573,5.34611814392232,9.58979971922846e-07,8.68400687179882e-05,4.0612798415530476,Upregulated (PD),0,No
602,ENSG00000069399,BCL3,BCL3 transcription coactivator,1.03091886856026,2.57368570581452,5.28306075424725,1.23187004818973e-06,0.0001025068080254,3.9892472898308906,Upregulated (PD),0,No
8620,ENSG00000139574,NPFF,neuropeptide FF-amide peptide precursor,1.08284536906727,1.21588951678007,5.27647224204926,1.26444250095753e-06,0.0001036169763522,3.984569085014678,Upregulated (PD),0,No
132884,ENSG00000173040,EVC2,EvC ciliary complex subunit 2,1.14659789883536,0.0283095039257048,5.27076776450982,1.29332592708249e-06,0.0001040543399216,3.9827398014235573,Upregulated (PD),0,No
2669,ENSG00000164949,GEM,GTP binding protein overexpressed in skeletal muscle,1.15927556890536,2.50063629084448,5.26690857561978,1.31323220391128e-06,0.0001040543399216,3.9827398014235573,Upregulated (PD),0,No
112268295,,LOC112268295,uncharacterized LOC112268295,1.32157726622654,-0.497090044791785,5.26042799416415,1.34733829128454e-06,0.0001046871850453,3.9801064778697497,Upregulated (PD),0,No
5118,ENSG00000106333,PCOLCE,procollagen C-endopeptidase enhancer,1.00442801917096,1.92013588282458,5.25986093114905,1.35036365268164e-06,0.0001046871850453,3.9801064778697497,Upregulated (PD),1,No
375033,ENSG00000187800,PEAR1,platelet endothelial aggregation receptor 1,1.00491331784469,2.51512143513044,5.25607756166864,1.37071971015415e-06,0.000105884412879,3.9751679671717635,Upregulated (PD),0,No
5623,ENSG00000125650,PSPN,persephin,1.15563931883257,-0.768112713606484,5.24810177916796,1.41462379913635e-06,0.0001077313502437,3.967657896919202,Upregulated (PD),0,No
2828,ENSG00000177464,GPR4,G protein-coupled receptor 4,1.57103640392559,2.31451236780391,5.23112013154529,1.51274743500907e-06,0.0001108936487051,3.9550933268113133,Upregulated (PD),0,No
2570,ENSG00000111886,GABRR2,gamma-aminobutyric acid type A receptor subunit rho2,1.30009266124568,-0.263193680750435,5.22392287841325,1.55632102029939e-06,0.0001123266420222,3.9495172240505987,Upregulated (PD),0,No
84734,ENSG00000183615,FAM167B,family with sequence similarity 167 member B,1.31160981829967,0.0915092960768073,5.22274524692963,1.56356684329367e-06,0.0001123266420222,3.9495172240505987,Upregulated (PD),0,No
4487,ENSG00000163132,MSX1,msh homeobox 1,1.00941586373925,2.96859403821054,5.20558011076151,1.6730134626747e-06,0.000117067487492,3.9315637023945116,Upregulated (PD),0,No
102724046,,LOC102724046,uncharacterized LOC102724046,2.02753505583995,0.523566596646794,5.18716365644183,1.79879263134776e-06,0.0001223589299556,3.9123643296312154,Upregulated (PD),0,No
26471,ENSG00000176046,NUPR1,"nuclear protein 1, transcriptional regulator",1.33143911082278,4.26590047545884,5.18384277304415,1.82243951910569e-06,0.0001223589299556,3.9123643296312154,Upregulated (PD),0,No
105378606,,LOC105378606,uncharacterized LOC105378606,1.74602234241527,-1.80492083393186,5.18222133789978,1.83409564477213e-06,0.0001224308115226,3.9121092718121466,Upregulated (PD),0,No
2014,ENSG00000142227,EMP3,epithelial membrane protein 3 (MAM blood group),1.02043399885546,2.49071744650466,5.17313250109625,1.90079854704288e-06,0.000126049262418,3.8994596912705957,Upregulated (PD),0,No
406913,ENSG00000199161,MIR126,microRNA 126,1.49740177658961,-2.3814944394741,5.16916045901435,1.9306905030953e-06,0.0001276387782905,3.894017361359079,Upregulated (PD),0,No
5345,ENSG00000167711,SERPINF2,serpin family F member 2,1.13721575965976,1.24644848616167,5.16737968468118,1.94424097979877e-06,0.0001279197831351,3.893062285529092,Upregulated (PD),2,Yes
1435,ENSG00000184371,CSF1,colony stimulating factor 1,1.09759387196616,4.50036339747824,5.11387384161788,2.39780439433045e-06,0.0001463951283473,3.834473375238611,Upregulated (PD),1,No
23764,ENSG00000185022,MAFF,MAF bZIP transcription factor F,1.30589682826793,3.22933781662468,5.09931138997948,2.53822654542503e-06,0.0001515342340914,3.8194892417660697,Upregulated (PD),0,No
51330,ENSG00000006327,TNFRSF12A,TNF receptor superfamily member 12A,1.34673417327617,0.162497200278131,5.08504977411096,2.68353937696319e-06,0.0001557853684357,3.8074733342503277,Upregulated (PD),0,No
7100,ENSG00000187554,TLR5,toll like receptor 5,1.07213688148291,0.949618495764143,5.08236023610197,2.7118418237663e-06,0.0001558650836892,3.807251162934756,Upregulated (PD),0,No
107986025,,LOC107986025,uncharacterized LOC107986025,-1.11636316502338,-1.94654968252443,-5.06739342015137,2.87475866834214e-06,0.000160715260836,3.793942882526107,Downregulated (PD),0,No
107985847,,LOC107985847,uncharacterized LOC107985847,-1.71742561395166,-1.31232600994523,-5.05857971895749,2.97513896361259e-06,0.0001612213893913,3.792577340456636,Downregulated (PD),0,No
8771,ENSG00000243509,TNFRSF6B,TNF receptor superfamily member 6b,1.18252082651531,2.79113765279237,5.05048535963218,3.07034322336023e-06,0.000163387746049,3.786780518322955,Upregulated (PD),0,No
3665,ENSG00000185507,IRF7,interferon regulatory factor 7,1.06192423231647,2.77435195055442,5.03578385758899,3.25094144040029e-06,0.000168700026561,3.772884849033312,Upregulated (PD),0,No
574042,ENSG00000206811,SNORA10,"small nucleolar RNA, H/ACA box 10",1.06385821923108,-0.971165481466043,5.03101031707815,3.31178597222316e-06,0.0001695662318371,3.7706606307760815,Upregulated (PD),0,No
404216,ENSG00000177234,LINC01561,long intergenic non-protein coding RNA 1561,1.00494682442583,0.415186912412902,5.0169840840381,3.49708484351918e-06,0.0001752771454593,3.7562747082529717,Upregulated (PD),0,No
8463,ENSG00000074219,TEAD2,TEA domain transcription factor 2,1.03684775140556,1.7322621525238,5.00535808296142,3.65832827914714e-06,0.000179566351188,3.7457750421814917,Upregulated (PD),0,No
79469,,DLEU2L,deleted in lymphocytic leukemia 2 like,-1.51091848029177,-1.12442049652052,-4.96412670614139,4.29094439070479e-06,0.0001982724883194,3.7027375429806777,Downregulated (PD),0,No
161247,ENSG00000139914,FITM1,fat storage inducing transmembrane protein 1,1.20866551564601,-1.04814271130853,4.96380537693243,4.29627190261578e-06,0.0001982724883194,3.7027375429806777,Upregulated (PD),0,No
285,ENSG00000091879,ANGPT2,angiopoietin 2,1.3833627511654,2.65636136168772,4.94035261576707,4.7030693167072e-06,0.0002094226237885,3.6789764035751746,Upregulated (PD),0,No
284185,,LINC00482,long intergenic non-protein coding RNA 482,1.04516590130386,-0.881275543339381,4.91351943448929,5.21476014706669e-06,0.000222551506316,3.652569461895892,Upregulated (PD),0,No
100144604,,LINC00930,long intergenic non-protein coding RNA 930,1.51667060207688,-0.0817536943787924,4.89824510987933,5.5299108784166e-06,0.000231614465072,3.635234321003422,Upregulated (PD),0,No
105370047,ENSG00000214650,LOC105370047,uncharacterized LOC105370047,1.07963320239443,-0.898704835735023,4.89802486778064,5.53458841462999e-06,0.000231614465072,3.635234321003422,Upregulated (PD),0,No
158511,ENSG00000198930,CSAG1,chondrosarcoma associated gene 1,1.02110261931992,-1.29824043436803,4.89291667443384,5.64416746777298e-06,0.0002348322341031,3.62924229016602,Upregulated (PD),1,No
5329,ENSG00000011422,PLAUR,"plasminogen activator, urokinase receptor",1.00431153290155,1.55268639463263,4.89021853363226,5.70289906173406e-06,0.0002350074198441,3.6289184256155886,Upregulated (PD),0,No
4499,ENSG00000205364,MT1M,metallothionein 1M,1.09490937111142,4.55491816085735,4.88643146984363,5.78634135787163e-06,0.0002366361080547,3.6259189861136942,Upregulated (PD),0,No
53827,ENSG00000089327,FXYD5,FXYD domain containing ion transport regulator 5,1.02634657515337,2.73989726100171,4.88522307548246,5.81321651097699e-06,0.0002372849284935,3.6247298457690715,Upregulated (PD),0,No
100505495,ENSG00000267107,PCAT19,prostate cancer associated transcript 19,1.23834361437161,1.42224457758541,4.88328715375745,5.85652636437898e-06,0.0002377021774107,3.623966840008796,Upregulated (PD),0,No
7852,ENSG00000121966,CXCR4,C-X-C motif chemokine receptor 4,1.02953218639281,2.05020507927518,4.87121278589911,6.1338471927183e-06,0.0002447173880517,3.611335171364941,Upregulated (PD),0,No
2289,ENSG00000096060,FKBP5,FKBP prolyl isomerase 5,1.18798365703597,5.27281296689384,4.87001828973317,6.16196887821435e-06,0.000245023530006,3.6107922076310675,Upregulated (PD),0,No
27181,ENSG00000105366,SIGLEC8,sialic acid binding Ig like lectin 8,1.33645255694357,1.6171068364385,4.86937886844388,6.17707426797625e-06,0.000245171831719,3.610529428247146,Upregulated (PD),0,No
2615,ENSG00000137507,LRRC32,leucine rich repeat containing 32,1.14126529648223,3.90410543926191,4.85643108423309,6.49083958242353e-06,0.0002520550895142,3.59850452883239,Upregulated (PD),0,No
9620,ENSG00000075275,CELSR1,cadherin EGF LAG seven-pass G-type receptor 1,1.08693217880175,0.80993855485603,4.84708024782634,6.72705834793207e-06,0.0002593587862515,3.5860990349042177,Upregulated (PD),0,No
151534,ENSG00000257702,LBX2-AS1,LBX2 antisense RNA 1,1.21163867093523,-1.1601771887161,4.82416223900595,7.3420439518453e-06,0.0002723506561965,3.5648715740087096,Upregulated (PD),0,No
101060553,,LOC101060553,uncharacterized LOC101060553,-1.24620733697126,-2.26760857133388,-4.79831089616073,8.10165577488723e-06,0.0002906034517961,3.536699231445101,Downregulated (PD),0,No
6939,ENSG00000125878,TCF15,transcription factor 15,1.0830111932056,-0.934962115287934,4.78414849151327,8.5497503235537e-06,0.0002996166162166,3.523434105087814,Upregulated (PD),0,No
79651,ENSG00000129667,RHBDF2,rhomboid 5 homolog 2,1.22730300846061,3.25354649654324,4.76139374992712,9.32076126452632e-06,0.0003193263413464,3.4957652548726013,Upregulated (PD),0,No
107985323,,LOC107985323,uncharacterized LOC107985323,1.81298882212632,0.743654801625517,4.75210349643622,9.65466888474928e-06,0.000324613765685,3.4886330672754275,Upregulated (PD),0,No
102723506,,LOC102723506,uncharacterized LOC102723506,1.80990835842825,-1.15283848549772,4.74059244249651,1.00845929691691e-05,0.000332837898425,3.477767228836355,Upregulated (PD),0,No
340602,ENSG00000187690,EZHIP,EZH inhibitory protein,1.04667044288981,-1.55823169647185,4.73469548040763,1.03120057260687e-05,0.0003377573668818,3.4713951697338428,Upregulated (PD),0,No
10148,ENSG00000105246,EBI3,Epstein-Barr virus induced 3,1.22890122627998,0.357116616140267,4.72823955710322,1.05667035679284e-05,0.0003431637723263,3.464498566712725,Upregulated (PD),0,No
100127888,ENSG00000232803,SLCO4A1-AS1,SLCO4A1 antisense RNA 1,1.33723705218104,1.37259255270497,4.72265309777316,1.07920366061771e-05,0.0003471492133378,3.459483814545235,Upregulated (PD),0,No
7462,ENSG00000086730,LAT2,linker for activation of T cells family member 2,1.02510942848828,2.60735741189884,4.70702288923811,1.14476427369246e-05,0.0003549922248434,3.449781158901486,Upregulated (PD),0,No
692247,ENSG00000254815,LMNTD2-AS1,LMNTD2 antisense RNA 1,1.27967716361868,-1.29224495127528,4.70181639224041,1.16745188040473e-05,0.0003593363324176,3.444498869155643,Upregulated (PD),0,No
719,ENSG00000171860,C3AR1,complement C3a receptor 1,1.21177089404172,1.7004267707642,4.69881394383965,1.18073362528087e-05,0.0003614654984666,3.441933149380919,Upregulated (PD),0,No
3707,ENSG00000143772,ITPKB,inositol-trisphosphate 3-kinase B,1.03790971706308,7.4496867562096,4.66974930643624,1.31714855438423e-05,0.0003873073977666,3.4119442076910937,Upregulated (PD),0,No
113278,ENSG00000101276,SLC52A3,solute carrier family 52 member 3,1.23829024988446,2.23814499588743,4.65880775520387,1.37237899936941e-05,0.0003938417069828,3.404678294918613,Upregulated (PD),0,No
105371745,ENSG00000270240,LOC105371745,uncharacterized LOC105371745,1.32952460538432,-1.29573567831371,4.63735438093213,1.48728646455641e-05,0.0004146700890571,3.3822972899939305,Upregulated (PD),0,No
84667,ENSG00000179111,HES7,hes family bHLH transcription factor 7,1.01759121846798,0.770833414329206,4.63595459860634,1.49510074040206e-05,0.0004163102216685,3.380582925746115,Upregulated (PD),0,No
7022,ENSG00000087510,TFAP2C,transcription factor AP-2 gamma,1.17839784736166,-0.0340897219253499,4.63398588784888,1.50615866954634e-05,0.0004181557552377,3.3786619214768847,Upregulated (PD),0,No
6542,ENSG00000003989,SLC7A2,solute carrier family 7 member 2,1.11022030533924,4.52570400809434,4.6307770684669,1.52435279106361e-05,0.000421731082837,3.374964389008573,Upregulated (PD),0,No
2919,ENSG00000163739,CXCL1,C-X-C motif chemokine ligand 1,2.01679269072844,-0.250062721738411,4.62619948407628,1.55067830342283e-05,0.0004263109643348,3.370273497545533,Upregulated (PD),0,No
1846,ENSG00000120875,DUSP4,dual specificity phosphatase 4,-1.41817992902058,1.9947975583436,-4.62162783088082,1.57741077282052e-05,0.000428932817596,3.3676107246734714,Downregulated (PD),0,No
3004,ENSG00000197540,GZMM,granzyme M,1.06509639024419,-1.06666994425286,4.61958974753288,1.5894722711921e-05,0.0004309321523783,3.365591101456905,Upregulated (PD),0,No
7004,ENSG00000197905,TEAD4,TEA domain transcription factor 4,1.00986142977981,0.615993563482189,4.60539016705044,1.67603059430156e-05,0.0004442386648619,3.352383644784861,Upregulated (PD),0,No
102546175,,LINC01338,long intergenic non-protein coding RNA 1338,1.35591658929838,-0.133298059184563,4.60221930863887,1.69597651856863e-05,0.0004457522674169,3.350906439012634,Upregulated (PD),0,No
27286,ENSG00000102359,SRPX2,sushi repeat containing protein X-linked 2,1.2372217836406,1.69295795590834,4.59428968088062,1.74687233942413e-05,0.0004541446641648,3.3428057840571186,Upregulated (PD),0,No
8840,ENSG00000104415,CCN4,cellular communication network factor 4,1.11228965742569,-1.03694165747948,4.58167525539736,1.83091088628609e-05,0.0004692008492418,3.3286412104936485,Upregulated (PD),1,No
83873,ENSG00000156097,GPR61,G protein-coupled receptor 61,-1.09040168519359,2.09532531407947,-4.57447914973622,1.88059844058331e-05,0.0004745978640685,3.323674220660086,Downregulated (PD),0,No
101929468,ENSG00000245384,CXXC4-AS1,CXXC4 antisense RNA 1,-1.043509497731,-1.43105883264416,-4.57171053065739,1.90006210695795e-05,0.0004750596117071,3.3232518905623527,Downregulated (PD),0,No
26253,ENSG00000166523,CLEC4E,C-type lectin domain family 4 member E,2.04923212094945,-1.1408357377864,4.56745820974322,1.9303380596707e-05,0.0004792931550924,3.3193987732340138,Upregulated (PD),0,No
441046,ENSG00000251600,GUSBP5,GUSB pseudogene 5,-1.30385756326813,-1.26284087300302,-4.56600457232943,1.94079486078339e-05,0.0004813349924005,3.3175525645556947,Downregulated (PD),0,No
29128,ENSG00000276043,UHRF1,ubiquitin like with PHD and ring finger domains 1,1.11486160241603,1.39888873028872,4.55040475873963,2.0565341983229e-05,0.0004992037124701,3.3017221935594394,Upregulated (PD),0,No
6911,ENSG00000149922,TBX6,T-box transcription factor 6,1.04331887238509,1.07785762763828,4.5477127740847,2.07717370376617e-05,0.0005019922175427,3.2993030157323915,Upregulated (PD),0,No
105378644,ENSG00000284640,LOC105378644,uncharacterized LOC105378644,1.20595341185824,-1.28137422148377,4.54315412746618,2.11258460760249e-05,0.000504831999384,3.2968531246128876,Upregulated (PD),0,No
4501,ENSG00000187193,MT1X,metallothionein 1X,1.18813173916656,5.03842867262616,4.54175985940821,2.12353166640315e-05,0.000506264983123,3.295622110461029,Upregulated (PD),0,No
3311,ENSG00000225217,HSPA7,heat shock protein family A (Hsp70) member 7 (pseudogene),1.75864550573062,0.870746218165811,4.53562790827791,2.17233392543033e-05,0.0005105576964108,3.29195517264276,Upregulated (PD),0,No
3310,ENSG00000173110,HSPA6,heat shock protein family A (Hsp70) member 6,2.05887945249156,1.03885066361954,4.52356342383002,2.27155047425429e-05,0.0005264135034529,3.278672978816853,Upregulated (PD),0,No
4778,ENSG00000123405,NFE2,"nuclear factor, erythroid 2",1.53164086888443,-2.39256652186861,4.50143153999831,2.46511753351699e-05,0.0005557344464681,3.2551326832085525,Upregulated (PD),0,No
54869,ENSG00000131037,EPS8L1,EPS8 signaling adaptor L1,1.04433946445082,-1.57071579990028,4.49450099172994,2.52895774547919e-05,0.0005662669782663,3.2469787634218044,Upregulated (PD),0,No
107985305,ENSG00000266903,CEACAM16-AS1,"CEACAM16, CEACAM19 and PVR antisense RNA 1",1.6726852218602,-1.96075783818868,4.49436464160368,2.5302296773873e-05,0.0005662669782663,3.2469787634218044,Upregulated (PD),0,No
3291,ENSG00000176387,HSD11B2,hydroxysteroid 11-beta dehydrogenase 2,1.28793583649131,1.23853951617151,4.48375623050968,2.63111541500367e-05,0.0005790087162082,3.237314898495997,Upregulated (PD),0,No
107985303,,LOC107985303,IQ motif and SEC7 domain-containing protein 2-like,-1.08971364891833,0.833381232935195,-4.46696154392104,2.79885997171637e-05,0.0006014060828557,3.2208321835895006,Downregulated (PD),0,No
11027,ENSG00000239998,LILRA2,leukocyte immunoglobulin like receptor A2,1.0913344225713,0.204374056187755,4.45138231562353,2.9637070614042e-05,0.0006212397773321,3.206740744632514,Upregulated (PD),0,No
64926,ENSG00000105122,RASAL3,RAS protein activator like 3,1.03572870858377,1.51626161189428,4.42760207813856,3.23362298987552e-05,0.0006531494159118,3.1849874571886487,Upregulated (PD),0,No
4064,ENSG00000134061,CD180,CD180 molecule,1.28892777192889,-0.582722943376531,4.42648799767961,3.24683582561567e-05,0.0006540236094483,3.1844065738958447,Upregulated (PD),0,No
2701,ENSG00000187513,GJA4,gap junction protein alpha 4,1.23881055900304,1.56049133991254,4.42326283843216,3.28538140837107e-05,0.0006586654894252,3.181335090687582,Upregulated (PD),0,No
101927931,ENSG00000270164,LINC01480,long intergenic non-protein coding RNA 1480,1.25103438529032,-0.752523942567786,4.42273128664946,3.29177668541112e-05,0.0006593343041262,3.180894328010057,Upregulated (PD),0,No
53947,ENSG00000128274,A4GALT,"alpha 1,4-galactosyltransferase (P1PK blood group)",1.07341911044362,2.05025993168828,4.41881557440287,3.33926110960443e-05,0.0006666657405948,3.1760918623379526,Upregulated (PD),0,No
4689,ENSG00000100365,NCF4,neutrophil cytosolic factor 4,1.06239936788445,0.904204542263984,4.41803630225729,3.34878993267688e-05,0.0006670343865901,3.175851776995905,Upregulated (PD),0,No
50486,ENSG00000123689,G0S2,G0/G1 switch 2,1.14555192541727,0.817728845856395,4.41111569258839,3.43457815311064e-05,0.0006791011775765,3.1680655164563403,Upregulated (PD),0,No
101927532,ENSG00000228058,LINC01736,long intergenic non-protein coding RNA 1736,1.40804876993728,0.768626990944069,4.40903305216285,3.46080884179757e-05,0.0006811630334102,3.166748929149823,Upregulated (PD),0,No
10859,ENSG00000104972,LILRB1,leukocyte immunoglobulin like receptor B1,1.06948336637807,1.85939357039322,4.40462339154438,3.51699023685005e-05,0.0006841171130472,3.164869545653494,Upregulated (PD),0,No
712,ENSG00000173372,C1QA,complement C1q A chain,1.41693958747998,4.022510415387,4.39866679590622,3.5942849697496e-05,0.0006929967175407,3.159268822469488,Upregulated (PD),0,No
80149,ENSG00000163874,ZC3H12A,zinc finger CCCH-type containing 12A,1.05621982113057,-0.0461234148798141,4.39827503487532,3.59942585546091e-05,0.0006932513497488,3.1591092761851747,Upregulated (PD),0,No
7475,ENSG00000115596,WNT6,Wnt family member 6,1.15569112574861,-0.910046789079264,4.39410513261093,3.65458865888183e-05,0.0006976412291959,3.1563678613851662,Upregulated (PD),0,No
55301,ENSG00000152463,OLAH,oleoyl-ACP hydrolase,1.05654190114365,-1.15791195445189,4.38910038833826,3.72187704953628e-05,0.0007042484123933,3.1522741233831635,Upregulated (PD),0,No
2572,ENSG00000136750,GAD2,glutamate decarboxylase 2,-1.26011787432427,5.26144675242357,-4.38756456801715,3.74276554387088e-05,0.0007058555080116,3.151284192001493,Downregulated (PD),0,No
158062,ENSG00000267206,LCN6,lipocalin 6,1.4792276689609,-1.75801995161939,4.38340910695571,3.79985419852799e-05,0.0007121257190145,3.1474433290393926,Upregulated (PD),0,No
23166,ENSG00000010327,STAB1,stabilin 1,1.17146438064291,4.61067828630851,4.3793764255806,3.8560618037261e-05,0.0007158126097666,3.1452006553399565,Upregulated (PD),0,No
112267960,,KCNQ5-DT,KCNQ5 divergent transcript,-1.69914792667272,-0.551164226522851,-4.36921741184724,4.00125019285301e-05,0.0007301858099607,3.1365666111502555,Downregulated (PD),1,No
283755,ENSG00000290376,HERC2P3,HERC2 pseudogene 3,1.05560733767887,6.09207528620104,4.36791693219742,4.02021393110788e-05,0.0007317875898922,3.135614959822133,Upregulated (PD),0,No
105379549,,LOC105379549,uncharacterized LOC105379549,1.1904798652353,-1.85084259419583,4.36666790980166,4.03850920970653e-05,0.0007334750840604,3.134614634429926,Upregulated (PD),0,No
729041,,FAAHP1,fatty acid amide hydrolase pseudogene 1,1.26035769493091,0.101255230026313,4.34881471731619,4.30899277725764e-05,0.0007668655023571,3.1152807986405033,Upregulated (PD),0,No
116844,ENSG00000171236,LRG1,leucine rich alpha-2-glycoprotein 1,1.70234450850804,-1.8456092472671,4.3439891922768,4.38506058120113e-05,0.0007742851543053,3.11109906756728,Upregulated (PD),1,No
4495,ENSG00000125144,MT1G,metallothionein 1G,1.15186114985628,4.59789695181844,4.34340891185966,4.394294963139e-05,0.0007750069152665,3.110694422334099,Upregulated (PD),0,No
29881,ENSG00000015520,NPC1L1,NPC1 like intracellular cholesterol transporter 1,1.85407424822985,-1.73774070015074,4.3411907961844,4.42976703132047e-05,0.0007780793729341,3.108976097780229,Upregulated (PD),0,No
151648,ENSG00000129810,SGO1,shugoshin 1,1.25893570644997,-1.23662423618959,4.33356550735243,4.55383625099622e-05,0.0007933741252377,3.1005219675242444,Upregulated (PD),0,No
6512,ENSG00000162383,SLC1A7,solute carrier family 1 member 7,1.61383289261509,0.755947824907112,4.33147959904622,4.58835697803919e-05,0.0007962018485563,3.09897681844136,Upregulated (PD),0,No
9080,ENSG00000213937,CLDN9,claudin 9,1.12160233733362,1.75497378518118,4.32933134873626,4.62417400581168e-05,0.0007998410768318,3.096996295897304,Upregulated (PD),1,No
51365,ENSG00000144837,PLA1A,phospholipase A1 member A,1.49933677809924,1.39395777930073,4.32813805890493,4.644185999032e-05,0.0008013730716664,3.096165255144118,Upregulated (PD),0,No
152573,ENSG00000178343,SHISA3,shisa family member 3,1.0702268471581,-0.12905139374873,4.32759192106226,4.65337289117546e-05,0.0008023159404049,3.095654579153462,Upregulated (PD),1,No
105372522,ENSG00000182621,LOC105372522,uncharacterized LOC105372522,-1.11552322801749,-0.977974086309574,-4.32017378962864,4.77991186796767e-05,0.0008154898370563,3.0885814469325603,Downregulated (PD),0,No
1404,ENSG00000145681,HAPLN1,hyaluronan and proteoglycan link protein 1,-1.0304862767527,1.5134063540387,-4.31618094125569,4.8493933946744e-05,0.0008229458774962,3.084628725999951,Downregulated (PD),0,No
105372631,,LOC105372631,uncharacterized LOC105372631,1.26653329750608,-0.744473097542341,4.30263314772055,5.09250010380764e-05,0.0008473022575837,3.071961636441179,Upregulated (PD),0,No
3059,ENSG00000180353,HCLS1,hematopoietic cell-specific Lyn substrate 1,1.1201234627047,3.26091973672018,4.30262663091197,5.09261983179626e-05,0.0008473022575837,3.071961636441179,Upregulated (PD),0,No
1052,ENSG00000221869,CEBPD,CCAAT enhancer binding protein delta,1.05361298154584,4.6088700792726,4.30217921212062,5.10084640186706e-05,0.000847597853917,3.0718101515756655,Upregulated (PD),0,No
105379274,,LOC105379274,uncharacterized LOC105379274,1.33864357156763,-1.75078196801869,4.28316678987708,5.46254519148317e-05,0.0008878489741089,3.0516609027904535,Upregulated (PD),0,No
64579,ENSG00000138653,NDST4,N-deacetylase and N-sulfotransferase 4,-1.04736168414726,-1.16501348339406,-4.27619824727373,5.60122682942934e-05,0.0008993387030882,3.046076716298589,Downregulated (PD),0,No
729968,,LOC729968,spore coat protein SP96,1.13657079075026,-0.64761135810456,4.264587347258,5.83988651509246e-05,0.000925450251274,3.0336469223220885,Upregulated (PD),0,No
11326,ENSG00000155659,VSIG4,V-set and immunoglobulin domain containing 4,1.64475668203027,2.47101670622105,4.26263021035523,5.88107088191829e-05,0.0009285629278176,3.0321886592070397,Upregulated (PD),0,No
101927354,ENSG00000230825,LINC03016,long intergenic non-protein coding RNA 3016,1.04136013485785,-2.15044975781541,4.24787255459999,6.20078111084702e-05,0.0009656014053538,3.015202110830181,Upregulated (PD),0,No
3566,ENSG00000077238,IL4R,interleukin 4 receptor,1.25280509831413,3.81677818392899,4.24719165827549,6.21593011817913e-05,0.0009658668053857,3.0150827593757423,Upregulated (PD),0,No
158830,ENSG00000204165,CXorf65,chromosome X open reading frame 65,1.01991744690423,0.780398471977619,4.22019985221888,6.8461072526104e-05,0.0010186444360355,2.991977382642379,Upregulated (PD),0,No
8676,ENSG00000135604,STX11,syntaxin 11,1.13741135836216,-0.603744896350612,4.2176831203575,6.90791285976792e-05,0.0010246341221866,2.98943118541986,Upregulated (PD),0,No
654816,ENSG00000290838,NCF1B,neutrophil cytosolic factor 1B (pseudogene),1.04301895998339,-0.769975019269799,4.20916531848516,7.12111310833569e-05,0.0010432167168452,2.981625462279854,Upregulated (PD),0,No
978,ENSG00000158825,CDA,cytidine deaminase,1.11834847316173,0.224556746038266,4.2005956017794,7.34201424834421e-05,0.0010577211970609,2.9756287921633695,Upregulated (PD),0,No
6343,ENSG00000070031,SCT,secretin,1.38289647374925,-1.97180881527392,4.19867335649897,7.39246408640796e-05,0.0010625493186584,2.9736509028549603,Upregulated (PD),0,No
102216268,ENSG00000260492,CISTR,chondrogenesis-associated transcript,-1.06964316891638,-1.97534823124197,-4.17105409920297,8.15531957708321e-05,0.0011259669924746,2.9484743405648275,Downregulated (PD),2,Yes
105748977,ENSG00000227764,NTRAS,non-coding transcript regulating alternative splicing,1.59714461815304,-2.71235383606597,4.16406758094974,8.36000409107637e-05,0.0011439670360055,2.9415864897800343,Upregulated (PD),0,No
646424,ENSG00000229453,SPINK8,serine peptidase inhibitor Kazal type 8 (putative),1.27634671804755,-1.80655464790214,4.15872426038894,8.51988114469056e-05,0.0011555725514812,2.9372027825788165,Upregulated (PD),0,No
1580,ENSG00000142973,CYP4B1,cytochrome P450 family 4 subfamily B member 1,1.35343711051531,-1.47518700307091,4.15815604710089,8.53705496373047e-05,0.0011571736388573,2.936601468412589,Upregulated (PD),0,No
84689,ENSG00000166928,MS4A14,membrane spanning 4-domains A14,1.01317476484166,0.463826154397314,4.1539390794133,8.66555653255297e-05,0.0011709095573014,2.931476649147846,Upregulated (PD),0,No
5475,ENSG00000086717,PPEF1,protein phosphatase with EF-hand domain 1,-1.20642933047041,1.71896087868384,-4.15243960133753,8.71169714201482e-05,0.0011727326471249,2.930800984570237,Downregulated (PD),0,No
94121,ENSG00000102362,SYTL4,synaptotagmin like 4,1.13597130837309,2.74902908391266,4.14689740248185,8.88430050936728e-05,0.001185600276024,2.926061708255025,Upregulated (PD),1,No
653361,ENSG00000158517,NCF1,neutrophil cytosolic factor 1,1.0427906848823,0.0450916643782786,4.14505045539958,8.94254956157963e-05,0.0011926350751928,2.9234924222763077,Upregulated (PD),0,No
2297,ENSG00000251493,FOXD1,forkhead box D1,1.08615558630364,0.268281279610564,4.13861063469478,9.14854129315215e-05,0.0012108786158705,2.9168993903828073,Upregulated (PD),0,No
339256,ENSG00000291195,NOS2P3,nitric oxide synthase 2 pseudogene 3,1.37179146082577,-0.336801518447679,4.12868326634436,9.47507310050658e-05,0.0012406243952741,2.906359683247822,Upregulated (PD),0,No
101926975,ENSG00000236714,LINC01844,long intergenic non-protein coding RNA 1844,-1.09790044279981,-0.845965774105264,-4.12453643014874,9.61477045541585e-05,0.0012490508309531,2.9034198873638593,Downregulated (PD),0,No
2571,ENSG00000128683,GAD1,glutamate decarboxylase 1,-1.0447892151946,6.31756912034823,-4.11596013642474,9.91000752408084e-05,0.0012781596777916,2.8934148872950716,Downregulated (PD),0,No
400591,ENSG00000197322,TMEM132E-DT,TMEM132E divergent transcript,-1.14561608152815,1.36646770219652,-4.112509112588,0.0001003125530476,0.0012861012155168,2.890724851310184,Downregulated (PD),0,No
89857,ENSG00000172578,KLHL6,kelch like family member 6,1.15491378223494,-0.264206034437344,4.11083573179286,0.0001009056069954,0.0012901533630473,2.889358661199746,Upregulated (PD),0,No
114036,ENSG00000227456,LINC00310,long intergenic non-protein coding RNA 310,1.13746655657387,-1.86224183945519,4.11034310575869,0.0001010808382737,0.001290664281983,2.8891867085026615,Upregulated (PD),0,No
140,ENSG00000282608,ADORA3,adenosine A3 receptor,1.11387930639666,1.76160824936141,4.10018818520993,0.0001047589909146,0.0013249799132587,2.87779070559663,Upregulated (PD),0,No
2834,ENSG00000119973,PRLHR,prolactin releasing hormone receptor,-1.30278968999054,-0.146291349470433,-4.09763065135552,0.000105705458525,0.0013338196967988,2.874902873551142,Downregulated (PD),0,No
105373328,,LOC105373328,uncharacterized LOC105373328,-1.43856233199555,-0.302214233003865,-4.09412711490241,0.0001070153852038,0.0013432705777017,2.8718364977059676,Downregulated (PD),0,No
3162,ENSG00000100292,HMOX1,heme oxygenase 1,1.01677237391834,2.64884278206551,4.08980794428292,0.0001086517816751,0.0013590616359036,2.8667608467805152,Upregulated (PD),0,No
64231,ENSG00000110077,MS4A6A,membrane spanning 4-domains A6A,1.36625622292105,1.89833344848369,4.08710663001153,0.0001096874372534,0.0013712202132749,2.862892793401443,Upregulated (PD),0,No
54440,ENSG00000122122,SASH3,SAM and SH3 domain containing 3,1.05023419973835,1.40220246440643,4.08638004626824,0.0001099676192719,0.0013731298554742,2.862288390039885,Upregulated (PD),0,No
126364,ENSG00000175489,LRRC25,leucine rich repeat containing 25,1.12916367871664,-0.310617680468243,4.0856673114558,0.0001102431300838,0.0013741815729127,2.861955879427761,Upregulated (PD),0,No
462,ENSG00000117601,SERPINC1,serpin family C member 1,1.09446915297438,-1.62943518492319,4.07613877294962,0.0001139908389349,0.0014054522658617,2.8521838999853215,Upregulated (PD),0,No
5865,ENSG00000169213,RAB3B,"RAB3B, member RAS oncogene family",-1.0466677734785,3.7597633570658,-4.06396956045401,0.0001189556984205,0.0014338552641831,2.8434946848878857,Downregulated (PD),0,No
100132159,,CALML3-AS1,CALML3 antisense RNA 1,-1.26997855093946,-1.15176308733938,-4.05842651402236,0.0001212855295503,0.0014549119935921,2.8371632759930354,Downregulated (PD),0,No
105377321,ENSG00000272856,SCPPPQ1,secretory calcium-binding phosphoprotein proline-glutamine rich 1,-1.00825388425719,-1.84325692735188,-4.04297739997543,0.0001280129735228,0.001503507141888,2.8228945045936054,Downregulated (PD),0,No
3852,ENSG00000186081,KRT5,keratin 5,-1.74853644229566,0.113057041183111,-4.02164237466319,0.0001378958391426,0.0015867224373746,2.79949903698759,Downregulated (PD),0,No
105377585,,LINC02427,long intergenic non-protein coding RNA 2427,-1.11031725009306,-1.197519126868,-4.02043183888615,0.0001384780336557,0.0015917219100528,2.7981328056178563,Downregulated (PD),0,No
3606,ENSG00000150782,IL18,interleukin 18,1.0635068884635,0.945547265497549,4.01246065797446,0.0001423710921161,0.0016217662670646,2.790011737201675,Upregulated (PD),0,No
26659,ENSG00000188269,OR7A5,olfactory receptor family 7 subfamily A member 5,1.88808552124179,-0.393253381197695,4.0039754336482,0.0001466306852848,0.0016528161763912,2.781775445290176,Upregulated (PD),0,No
116,ENSG00000141433,ADCYAP1,adenylate cyclase activating polypeptide 1,-1.19883567922604,3.502825749376,-4.0016914943679,0.0001477979740436,0.0016598967882167,2.7799189153945867,Downregulated (PD),0,No
101929261,ENSG00000250668,LINC02123,long intergenic non-protein coding RNA 2123,1.04495735651747,-1.56044785445083,4.0000248547493,0.0001486553973936,0.0016653715338549,2.77848886299668,Upregulated (PD),0,No
100507117,ENSG00000280543,ASAP1-IT2,ASAP1 intronic transcript 2,1.18052826827419,-2.00041449416589,3.99999304406898,0.0001486718091656,0.0016653715338549,2.77848886299668,Upregulated (PD),0,No
23783,,ANKRD62P1-PARP4P3,"ANKRD62P1-PARP4P3 readthrough, transcribed pseudogene",1.11760045558058,-2.291939372016,3.98265439240593,0.0001578809545295,0.0017422684751772,2.758884921484507,Upregulated (PD),0,No
105373883,,LOC105373883,uncharacterized LOC105373883,1.12303561591569,-1.59172328843262,3.97443092239719,0.0001624378780705,0.0017734858906668,2.7511722622977204,Upregulated (PD),0,No
3903,ENSG00000167613,LAIR1,leukocyte associated immunoglobulin like receptor 1,1.06072990538214,2.49327531764871,3.96929434136197,0.0001653480208678,0.0017915185615694,2.74677868783535,Upregulated (PD),0,No
10205,ENSG00000149573,MPZL2,myelin protein zero like 2,1.46980148248217,0.819598228969056,3.96804147860973,0.0001660653879509,0.0017940056346455,2.7461761972497833,Upregulated (PD),0,No
401491,ENSG00000236404,VLDLR-AS1,VLDLR antisense RNA 1,-1.14447305233388,-1.44835881751638,-3.96300559973063,0.0001689790912473,0.0018163777429241,2.740793828387713,Downregulated (PD),0,No
4556,,TRNE,tRNA-Glu,1.08097432711055,6.61339068516877,3.95532092573469,0.0001735201061533,0.0018522562297264,2.732298935872722,Upregulated (PD),0,No
118471,ENSG00000165828,PRAP1,proline rich acidic protein 1,-1.03025059809593,-1.6310959942836,-3.9520532790937,0.0001754862931377,0.001864931257251,2.7293371719768946,Downregulated (PD),1,No
54502,ENSG00000163694,RBM47,RNA binding motif protein 47,1.16617713032166,-0.107943625256772,3.95125627809838,0.0001759690918923,0.0018682196396372,2.728572066716739,Upregulated (PD),0,No
643783,ENSG00000248866,USP46-DT,USP46 divergent transcript,-1.04796405365999,-0.575001629168337,-3.94407063913375,0.0001803798469132,0.0018991433613457,2.721442250275444,Downregulated (PD),0,No
729799,ENSG00000213693,SEC14L1P1,SEC14 like 1 pseudogene 1,-1.08594353163857,-1.46766191857271,-3.94338653495327,0.0001808052553783,0.0019008365189822,2.721055232927803,Downregulated (PD),0,No
3678,ENSG00000161638,ITGA5,integrin subunit alpha 5,1.18137611179815,2.81955023467165,3.94063235923481,0.0001825276886845,0.0019137229333741,2.718120938668287,Upregulated (PD),0,No
2564,ENSG00000102287,GABRE,gamma-aminobutyric acid type A receptor subunit epsilon,1.15723636817648,1.45561902693247,3.93659418989518,0.0001850815986332,0.0019325962275886,2.713858872534973,Upregulated (PD),0,No
283120,ENSG00000130600,H19,H19 imprinted maternally expressed transcript,1.17960361495141,-0.914422243664655,3.93544659367425,0.0001858136180336,0.0019364869902621,2.7129854163522387,Upregulated (PD),0,No
344787,ENSG00000197385,ZNF860,zinc finger protein 860,-1.13424866238835,-0.535397803569625,-3.9164813147397,0.0001983206361685,0.0020161350710873,2.695480375667559,Downregulated (PD),0,No
3689,ENSG00000160255,ITGB2,integrin subunit beta 2,1.06963630153917,3.40607754451814,3.91381724064643,0.0002001408727439,0.0020288975020591,2.692739892549961,Upregulated (PD),0,No
6781,ENSG00000159167,STC1,stanniocalcin 1,2.02172055299324,0.175272791604997,3.89246776986315,0.0002153174811484,0.0021345549005111,2.6706926707113334,Upregulated (PD),0,No
101241892,ENSG00000281183,NPTN-IT1,NPTN intronic transcript 1,-1.53037725125143,1.76130299540244,-3.8911060394955,0.000216321998756,0.0021435272262948,2.668870995869467,Downregulated (PD),0,No
8797,ENSG00000104689,TNFRSF10A,TNF receptor superfamily member 10a,1.03069611527423,0.0204136124165777,3.87804556424029,0.0002261871542578,0.0022107870968547,2.655453078820295,Upregulated (PD),0,No
8531,ENSG00000060138,YBX3,Y-box binding protein 3,1.13344093077971,4.12650189005656,3.86808840257812,0.0002339961693793,0.0022655370361472,2.6448288337439494,Upregulated (PD),0,No
165,ENSG00000106624,AEBP1,AE binding protein 1,1.06813256605274,5.58421689475061,3.86170914924781,0.0002391341158669,0.0023018394216899,2.637924976408414,Upregulated (PD),0,No
4982,ENSG00000164761,TNFRSF11B,TNF receptor superfamily member 11b,1.23775544662569,1.0667577477791,3.8564990021969,0.0002434103866748,0.0023346598369454,2.6317763877742437,Upregulated (PD),0,No
100289255,ENSG00000263429,TMEM238L,transmembrane protein 238 like,1.53637574392388,-2.53195330649395,3.85180071245666,0.0002473292174506,0.0023638311727257,2.626383544445555,Upregulated (PD),0,No
101928188,,LOC101928188,uncharacterized LOC101928188,1.0264282881618,-1.34245853135148,3.85114456959399,0.00024788128568,0.0023672662120512,2.62575290053147,Upregulated (PD),0,No
100506555,,NECTIN3-AS1,NECTIN3 antisense RNA 1,-1.00253364185647,-1.21494556796565,-3.83556099836735,0.0002613449621163,0.0024682325256489,2.6076139289786164,Downregulated (PD),0,No
105379127,,LOC105379127,uncharacterized LOC105379127,1.20792056429948,-2.37209077165659,3.83356973263133,0.0002631149291177,0.0024755200429338,2.6063335530730294,Upregulated (PD),0,No
714,ENSG00000159189,C1QC,complement C1q C chain,1.37810100295724,4.28736910056737,3.8334904568178,0.0002631856314115,0.0024755200429338,2.6063335530730294,Upregulated (PD),0,No
3137,ENSG00000290574,HLA-J,"major histocompatibility complex, class I, J (pseudogene)",1.05973421422184,0.378769997747126,3.82865876407342,0.0002675292564792,0.0025003428168433,2.6020004420254303,Upregulated (PD),0,No
2000,ENSG00000102034,ELF4,E74 like ETS transcription factor 4,1.04271973409437,0.160218708951677,3.82665314728924,0.0002693523405804,0.0025105763052152,2.6002265743572335,Upregulated (PD),0,No
26664,ENSG00000127530,OR7C1,olfactory receptor family 7 subfamily C member 1,1.44091506731678,-2.11121671529328,3.81958885721607,0.0002758687837485,0.0025561152310186,2.592419571848733,Upregulated (PD),0,No
158434,ENSG00000275465,LOC158434,uncharacterized LOC158434,1.01453444161896,-0.318249413601045,3.81866842702122,0.0002767288508166,0.0025607815340495,2.591627470576405,Upregulated (PD),0,No
10437,ENSG00000216490,IFI30,IFI30 lysosomal thiol reductase,1.05335097293918,2.04706941331219,3.81370307393562,0.0002814129629879,0.0025896721512879,2.5867552134858975,Upregulated (PD),0,No
479,ENSG00000075673,ATP12A,ATPase H+/K+ transporting non-gastric alpha2 subunit,-1.24434072854437,-2.00299344564961,-3.80298057448069,0.0002917880239663,0.0026556653262346,2.5758266567617256,Downregulated (PD),0,No
10581,ENSG00000185201,IFITM2,interferon induced transmembrane protein 2,1.12652270102399,4.30361330757193,3.80188194001575,0.0002928714700679,0.00265957950385,2.575187022614595,Upregulated (PD),1,No
713,ENSG00000173369,C1QB,complement C1q B chain,1.34813475163599,4.67565812980645,3.79707984305331,0.000297652468892,0.0026886026863206,2.5704733717772434,Upregulated (PD),0,No
125,ENSG00000196616,ADH1B,"alcohol dehydrogenase 1B (class I), beta polypeptide",1.50117874110547,0.483929569203267,3.79047846479167,0.0003043467011611,0.0027278643297918,2.5641772330947257,Upregulated (PD),0,No
23619,ENSG00000269699,ZIM2,zinc finger imprinted 2,-1.34109847658816,0.493437599811963,-3.78969074093213,0.0003051550441499,0.0027323230209884,2.563467958745993,Downregulated (PD),0,No
6037,ENSG00000169397,RNASE3,ribonuclease A family member 3,1.54543741749726,-2.90754689379716,3.78512497704913,0.0003098808657248,0.0027574535169699,2.559491799828343,Upregulated (PD),0,No
10894,ENSG00000133800,LYVE1,lymphatic vessel endothelial hyaluronan receptor 1,1.04562827298272,2.25825387682021,3.77525247688851,0.0003203395876487,0.0028186323931959,2.5499615612397317,Upregulated (PD),0,No
2212,ENSG00000143226,FCGR2A,Fc gamma receptor IIa,1.14714776784332,2.51352315813851,3.77435853998058,0.0003213030726949,0.0028218108487044,2.549472101183056,Upregulated (PD),0,No
6121,ENSG00000116745,RPE65,retinoid isomerohydrolase RPE65,-1.51771950312376,-2.11768157219926,-3.76943567847752,0.0003266587062363,0.0028479564873809,2.5454666503704093,Downregulated (PD),0,No
9021,ENSG00000184557,SOCS3,suppressor of cytokine signaling 3,1.81971465144724,2.88238051289089,3.7690280907469,0.000327105925552,0.0028507023483616,2.5450481265041263,Upregulated (PD),0,No
2215,ENSG00000162747,FCGR3B,Fc gamma receptor IIIb,1.26192762778569,-0.740965006512916,3.76766901056325,0.000328601383424,0.0028584271314495,2.543872874575389,Upregulated (PD),0,No
53831,ENSG00000139572,GPR84,G protein-coupled receptor 84,1.11402338160892,-0.955626698238844,3.74596219874816,0.0003533892874833,0.0029966549052108,2.5233632675288384,Upregulated (PD),0,No
100132813,,SYBU-AS1,SYBU antisense RNA 1,-1.09562315832532,-0.0188966595138848,-3.73625843412407,0.0003650385209803,0.0030668846318098,2.5133025607344255,Downregulated (PD),0,No
105376611,,LOC105376611,uncharacterized LOC105376611,-1.06922405516402,-1.17137318181665,-3.72000523410693,0.0003853750164028,0.0031907807735361,2.4961030335107215,Downregulated (PD),0,No
105374140,,LOC105374140,uncharacterized LOC105374140,-1.04242458439793,-2.01958325749316,-3.70891782694496,0.0003998628803075,0.0032603513688832,2.4867355933848057,Downregulated (PD),0,No
3875,ENSG00000111057,KRT18,keratin 18,1.44903831580052,-0.876008881612522,3.70859422704221,0.0004002934265401,0.0032604398823857,2.48672380312064,Upregulated (PD),0,No
729648,,ZNF812P,"zinc finger protein 812, pseudogene",1.08966185070761,-1.77577039654505,3.70822558869505,0.0004007844343112,0.0032632059419249,2.486355516889648,Upregulated (PD),0,No
6275,ENSG00000196154,S100A4,S100 calcium binding protein A4,1.11049517293134,0.616118201592647,3.70307111362326,0.0004077103477099,0.0032996520517628,2.481531854051356,Upregulated (PD),0,No
10410,ENSG00000142089,IFITM3,interferon induced transmembrane protein 3,1.00264816629319,6.35684144205254,3.70128826762116,0.0004101323412974,0.0033155184619811,2.479448549439744,Upregulated (PD),0,No
1026,ENSG00000124762,CDKN1A,cyclin dependent kinase inhibitor 1A,1.09531344911749,4.19021230346477,3.69740780453762,0.0004154514260918,0.0033472183682736,2.4753159538977694,Upregulated (PD),0,No
105378732,ENSG00000225675,LRP8-DT,LRP8 divergent transcript,-1.1043336791979,-1.20473915685032,-3.6929698300738,0.0004216152776245,0.003379193924643,2.471186884287341,Downregulated (PD),0,No
140679,ENSG00000101438,SLC32A1,solute carrier family 32 member 1,-1.2347349911507,3.29164927760896,-3.68479155990528,0.0004332028752444,0.0034540837466771,2.4616671368673377,Downregulated (PD),0,No
718,ENSG00000125730,C3,complement C3,1.05547763547608,5.78472880211002,3.66590064969016,0.0004611394196368,0.0036192559257147,2.441380705867803,Upregulated (PD),0,No
5265,ENSG00000197249,SERPINA1,serpin family A member 1,1.32795479357762,1.87478156648913,3.65880256799047,0.0004720730359157,0.0036796087052644,2.4341983623536088,Upregulated (PD),0,No
101927320,ENSG00000234497,ERICH3-AS1,ERICH3 antisense RNA 1,-1.51972544493735,-1.81689614221868,-3.6580968204493,0.0004731735272931,0.0036858250599149,2.4334652815197133,Downregulated (PD),0,No
1392,ENSG00000147571,CRH,corticotropin releasing hormone,-1.78313933232759,1.16195185784322,-3.65142250638566,0.0004837023892122,0.0037293008015753,2.428372585478688,Downregulated (PD),0,No
387700,ENSG00000152779,SLC16A12,solute carrier family 16 member 12,1.54539599831335,-2.01766218189706,3.64890968342968,0.0004877238809717,0.0037527401223501,2.4256515094843687,Upregulated (PD),0,No
3240,ENSG00000257017,HP,haptoglobin,1.42640346118899,-0.812297399088946,3.64777604763489,0.0004895485323869,0.0037627496326692,2.4244946779776644,Upregulated (PD),0,No
85477,ENSG00000006747,SCIN,scinderin,1.32540032044033,1.9219288265065,3.63862329949997,0.0005045201328721,0.0038445241986605,2.4151574011635994,Upregulated (PD),0,No
85397,ENSG00000135824,RGS8,regulator of G protein signaling 8,-1.14977173603142,2.21423109485796,-3.6377981566776,0.0005058910532495,0.0038485577054835,2.414701997220605,Downregulated (PD),0,No
3383,ENSG00000090339,ICAM1,intercellular adhesion molecule 1,1.01632790113936,2.29088372092122,3.62615450615453,0.0005256179324458,0.0039594958686029,2.4023601058475608,Upregulated (PD),0,No
101929326,,LOC101929326,uncharacterized LOC101929326,1.36818960067899,-2.46768200680671,3.59194898299889,0.0005878866599726,0.004286242657554,2.367923245834191,Upregulated (PD),0,No
642934,ENSG00000285972,CERNA2,competing endogenous lncRNA 2 for microRNA let-7b,1.78031397370677,-2.72063842134479,3.58998879727905,0.0005916594508194,0.0043050116421544,2.366025669734931,Upregulated (PD),0,No
51129,ENSG00000167772,ANGPTL4,angiopoietin like 4,1.19815374661604,4.48712257210058,3.58076420097198,0.0006097249303804,0.0044022752762344,2.3563228043061297,Upregulated (PD),0,No
29984,ENSG00000173156,RHOD,ras homolog family member D,1.00089324056466,-0.688748120437142,3.56119237327608,0.0006498036043806,0.0045976911627093,2.3374602046273836,Upregulated (PD),0,No
155006,ENSG00000214128,TMEM213,transmembrane protein 213,1.11740881821147,-2.29878890669745,3.55509956747488,0.0006627821638422,0.0046634936973972,2.3312886058395783,Upregulated (PD),0,No
79083,ENSG00000115648,MLPH,melanophilin,1.16331562047976,-0.858490210548139,3.55220502203892,0.0006690337727618,0.0046967478405741,2.328202755632571,Upregulated (PD),0,No
105375726,ENSG00000253972,MAL2-AS1,MAL2 antisense RNA 1,-1.25958232505533,2.01169886759635,-3.54491091870569,0.0006850364926455,0.0047810578010029,2.32047600583258,Downregulated (PD),0,No
929,ENSG00000170458,CD14,CD14 molecule,1.01727367143515,3.62774803314035,3.54411435705685,0.0006868059103103,0.0047918552861797,2.319496306095083,Upregulated (PD),0,No
3127,ENSG00000198502,HLA-DRB5,"major histocompatibility complex, class II, DR beta 5",1.28957304886693,2.21030016630666,3.53612571422936,0.000704792544414,0.0048857153159255,2.3110718423819527,Upregulated (PD),0,No
105371880,,LOC105371880,uncharacterized LOC105371880,1.25665353626224,-1.61603285206429,3.51313112933052,0.0007590909251589,0.0051563473681319,2.28765783317642,Upregulated (PD),0,No
105369588,ENSG00000285735,LINC02717,long intergenic non-protein coding RNA 2717,-1.66152585402403,-2.20162655634809,-3.50145151220513,0.0007881657833865,0.0052967099979879,2.275993804621774,Downregulated (PD),0,No
102724473,ENSG00000215274,GAGE10,G antigen 10,1.05114923142833,-2.49765599996596,3.49920056969884,0.000793889080634,0.005321896567908,2.273933570300098,Upregulated (PD),0,No
100129464,,LINC01546,long intergenic non-protein coding RNA 1546,1.10980743793323,-1.5008980858943,3.4926405506158,0.0008107940201657,0.0054016175340379,2.2674761696371353,Upregulated (PD),1,No
105370917,,LOC105370917,uncharacterized LOC105370917,-1.09432451406316,1.23584794560498,-3.48845680262801,0.0008217527565869,0.0054510358294741,2.263520963359984,Downregulated (PD),0,No
6556,ENSG00000018280,SLC11A1,solute carrier family 11 member 1,1.23289935413739,2.50763300381718,3.4869546954577,0.0008257214063363,0.0054689452210696,2.2620964266539483,Upregulated (PD),0,No
3067,ENSG00000140287,HDC,histidine decarboxylase,-1.1760919078832,-2.2156339852085,-3.47575652300225,0.0008558844217084,0.0056220728609144,2.2501035303244468,Downregulated (PD),0,No
10538,ENSG00000156127,BATF,basic leucine zipper ATF-like transcription factor,1.32492312707709,-2.53962688310319,3.46537237145627,0.0008847838086718,0.0057615388664235,2.2394615040878603,Upregulated (PD),0,No
5104,ENSG00000188488,SERPINA5,serpin family A member 5,1.49354283854468,-1.41995700134895,3.45816139180312,0.0009053925061441,0.0058317451561325,2.2342014626913906,Upregulated (PD),0,No
7425,ENSG00000128564,VGF,VGF nerve growth factor inducible,-1.20263962577077,5.08604702382312,-3.44937404079476,0.0009311200948484,0.0059495237078785,2.2255178005436695,Downregulated (PD),0,No
8061,ENSG00000175592,FOSL1,"FOS like 1, AP-1 transcription factor subunit",1.23590074853191,-0.869164159464462,3.44433492969448,0.0009461837767272,0.006014992837639,2.220764885460581,Upregulated (PD),0,No
388125,ENSG00000205502,C2CD4B,C2 calcium dependent domain containing 4B,1.4238492225899,-1.56315894372982,3.42899147968056,0.0009934815417722,0.0062224685231836,2.206037291624511,Upregulated (PD),0,No
6863,ENSG00000006128,TAC1,tachykinin precursor 1,-1.22369766692529,3.09281039123535,-3.42328105751836,0.0010116480667878,0.0063105757266022,2.1999310173833653,Downregulated (PD),0,No
27287,ENSG00000151650,VENTX,VENT homeobox,1.18333744023237,-0.542025223206841,3.42218711251422,0.0010151638410849,0.0063269229628335,2.1988074535161948,Upregulated (PD),0,No
105373390,ENSG00000237720,LOC105373390,uncharacterized LOC105373390,-1.1649993012165,1.35937423852647,-3.42210041918015,0.0010154429532498,0.0063269229628335,2.1988074535161948,Downregulated (PD),0,No
164656,ENSG00000187045,TMPRSS6,transmembrane serine protease 6,1.03218457988508,-1.69966249767704,3.41973843439709,0.0010230753863555,0.0063616043643202,2.19643334367496,Upregulated (PD),0,No
100874212,ENSG00000236051,MYCBP2-AS1,MYCBP2 antisense RNA 1,-1.01417291858745,1.5795823913722,-3.41863379799281,0.0010266634300823,0.0063811930236345,2.195098118278179,Downregulated (PD),0,No
9518,ENSG00000130513,GDF15,growth differentiation factor 15,1.36808957178019,-1.38603864402862,3.41849537376716,0.0010271138919352,0.0063811930236345,2.195098118278179,Upregulated (PD),0,No
118932,ENSG00000152766,ANKRD22,ankyrin repeat domain 22,1.50765615970866,-2.10141548087004,3.41313153790293,0.0010447133671574,0.0064364288707063,2.191355025794921,Upregulated (PD),0,No
105370844,,LOC105370844,uncharacterized LOC105370844,1.27086072710758,-1.10295787660296,3.40540055179704,0.001070581262719,0.0065548770949205,2.1834354469942228,Upregulated (PD),0,No
105375674,,LINC03044,long intergenic non-protein coding RNA 3044,-1.0159885935147,-0.991549197896241,-3.40031105085239,0.0010879394404066,0.0066404052165515,2.1778054179297714,Downregulated (PD),1,No
1591,ENSG00000019186,CYP24A1,cytochrome P450 family 24 subfamily A member 1,-1.169726054222,-1.38729708290645,-3.39991406320291,0.0010893045071896,0.0066468546826025,2.1773838159202676,Downregulated (PD),0,No
27180,ENSG00000129450,SIGLEC9,sialic acid binding Ig like lectin 9,1.26072455939301,-0.216804187120157,3.3956165412995,0.0011041856121789,0.006712950159007,2.1730865772674237,Upregulated (PD),0,No
388697,ENSG00000197915,HRNR,hornerin,-1.24648428533285,-1.88117724990554,-3.35334426623047,0.0012611429838805,0.0073698898016792,2.1325390058832063,Downregulated (PD),0,No
102191832,ENSG00000270751,FBXW7-AS1,FBXW7 antisense RNA 1,-1.10307377659579,1.09211552489726,-3.35220833855954,0.0012656375297869,0.0073921463528372,2.131229443357159,Downregulated (PD),0,No
124602,ENSG00000196169,KIF19,kinesin family member 19,1.17452655215744,3.60931041236067,3.35156493555277,0.0012681899828902,0.0074005500470923,2.130736000061015,Upregulated (PD),0,No
241,ENSG00000132965,ALOX5AP,arachidonate 5-lipoxygenase activating protein,1.05711998160109,1.63137866714015,3.34416194120683,0.0012979094482668,0.0075161028669703,2.124007284684889,Upregulated (PD),0,No
23430,ENSG00000095917,TPSD1,tryptase delta 1,1.24802227857106,-0.625842970274703,3.34150176809364,0.0013087480224117,0.007568476653798,2.120991524386979,Upregulated (PD),0,No
721,ENSG00000224389,C4B,complement C4B (Chido/Rodgers blood group),1.07174893115464,5.50870868365808,3.33870415805973,0.0013202384694524,0.0076222286347811,2.1179180283617294,Upregulated (PD),0,No
100169890,,PEG3-AS1,PEG3 antisense RNA 1,-1.08980991981219,3.06140973144322,-3.33688879292152,0.0013277453416197,0.0076573635543455,2.1159207330943937,Downregulated (PD),0,No
105372704,,LOC105372704,uncharacterized LOC105372704,1.00937232135228,-0.696851487034986,3.33044638830905,0.0013547114555123,0.0077651537967528,2.109849938207204,Upregulated (PD),0,No
728084,ENSG00000246363,LINC02458,long intergenic non-protein coding RNA 2458,-1.06211634499089,0.590145179801803,-3.31907285634873,0.0014035802256192,0.0079626114826388,2.0989444741597736,Downregulated (PD),0,No
3514,ENSG00000211592,IGKC,immunoglobulin kappa constant,1.58080918519403,-1.497081320825,3.31775894387412,0.0014093313854019,0.0079763419165397,2.098196237684897,Upregulated (PD),0,No
4498,ENSG00000290662,MT1JP,"metallothionein 1J, pseudogene",1.56583386917976,-1.65744120448286,3.31422683884345,0.0014249019366623,0.0080323943666722,2.0951549771082867,Upregulated (PD),0,No
6510,ENSG00000105281,SLC1A5,solute carrier family 1 member 5,1.0769946955013,1.39563579707808,3.30355606652112,0.0014729302776788,0.008221857898092,2.0850300335892165,Upregulated (PD),0,No
107984543,,LOC107984543,uncharacterized LOC107984543,-1.12097472693048,-2.49846713308049,-3.30200237124729,0.0014800489839888,0.0082509093903073,2.0834981821862164,Downregulated (PD),0,No
2559,ENSG00000145863,GABRA6,gamma-aminobutyric acid type A receptor subunit alpha6,-1.4208344540473,-0.718338865910346,-3.30101109530455,0.0014846076898919,0.0082741828116245,2.082274887936196,Downregulated (PD),0,No
100873947,ENSG00000232832,LMLN-AS1,LMLN antisense RNA 1,-1.00870449768804,-0.758872277599509,-3.29634021046455,0.0015062664639986,0.0083603025578413,2.0777780052376285,Downregulated (PD),0,No
720,ENSG00000244731,C4A,complement C4A (Chido/Rodgers blood group),1.03197355861,5.50544566234317,3.28154707447389,0.0015768377587927,0.0086275723222904,2.064111391463889,Upregulated (PD),0,No
1440,ENSG00000108342,CSF3,colony stimulating factor 3,2.1389950407398,-2.17393766626065,3.26756706634843,0.0016463742471031,0.0088986867052449,2.0506740831023516,Upregulated (PD),0,No
105372270,,LOC105372270,uncharacterized LOC105372270,1.05021379397788,-1.06644441296361,3.26351491476161,0.0016670615861027,0.0089753962787123,2.0469463675007624,Upregulated (PD),0,No
107986980,ENSG00000254101,LINC02055,long intergenic non-protein coding RNA 2055,-1.14325460818338,-2.29399507114577,-3.25816775138516,0.0016947338792491,0.0090903197027321,2.041420842554621,Downregulated (PD),0,No
374383,ENSG00000188211,NCR3LG1,natural killer cell cytotoxicity receptor 3 ligand 1,-1.1231411758404,2.35438454531474,-3.25468983037244,0.001712963341933,0.0091584683565718,2.0381771507762583,Downregulated (PD),0,No
102724834,,LINC02822,long intergenic non-protein coding RNA 2822,-1.34507464449294,-0.799947290806277,-3.24067056070713,0.0017883269999017,0.0094532312445607,2.024419718282331,Downregulated (PD),0,No
219578,ENSG00000182348,ZNF804B,zinc finger protein 804B,-1.30832372762724,-2.34546145834443,-3.22319887898552,0.0018866036161069,0.0098402906907881,2.0069920719405596,Downregulated (PD),0,No
642597,ENSG00000231824,AKAIN1,A-kinase anchor inhibitor 1,-1.07273639579455,-0.09246301923365,-3.22215108394179,0.0018926553648036,0.009862308612729,2.006021411589083,Downregulated (PD),0,No
6036,ENSG00000169385,RNASE2,ribonuclease A family member 2,1.48658302630091,-1.29549065859485,3.22153632977525,0.0018962144620704,0.0098736927002999,2.0055203934868384,Upregulated (PD),0,No
597,ENSG00000140379,BCL2A1,BCL2 related protein A1,1.38767529614632,-1.92511626194024,3.21437965663355,0.0019381118362726,0.0100288555141761,1.9987486255277378,Upregulated (PD),0,No
105375161,,LOC105375161,uncharacterized LOC105375161,-1.18200213057177,0.267635640566264,-3.2090910549069,0.0019696284473795,0.010143233523996,1.9938235757947234,Downregulated (PD),0,No
793,ENSG00000104327,CALB1,calbindin 1,-1.07954103334115,3.6908836032308,-3.20119576361632,0.0020175735064324,0.0103308967000791,1.9858619809978186,Downregulated (PD),0,No
105374056,,LOC105374056,uncharacterized LOC105374056,1.14609088446771,-0.0435528854814071,3.1997129397963,0.0020266991331935,0.0103653108017531,1.9844176711424646,Upregulated (PD),0,No
8857,ENSG00000275395,FCGBP,Fc gamma binding protein,1.27035440879224,3.20430566237273,3.19632011060642,0.0020477249149994,0.0104505250693983,1.9808618885946891,Upregulated (PD),0,No
105370676,,LINC02320,long intergenic non-protein coding RNA 2320,-1.09906437785195,-2.21808227073414,-3.1956760314858,0.0020517393417039,0.0104565204698304,1.9806128080260408,Downregulated (PD),0,No
105373002,,LOC105373002,uncharacterized LOC105373002,1.34746486501484,-2.38456538743388,3.19476768684014,0.0020574134083232,0.0104733805003489,1.9799131181600305,Upregulated (PD),0,No
112267910,,LOC112267910,"NACHT, LRR and PYD domains-containing protein 10-like",-1.13569818652638,-2.64330614646483,-3.1796229550125,0.0021542069580901,0.0108450054568463,1.964770225127184,Downregulated (PD),0,No
101928087,ENSG00000277332,LOC101928087,uncharacterized LOC101928087,-1.39649088919394,-2.38735110892291,-3.16827745268153,0.0022294918017611,0.0111098282801285,1.9542926537116054,Downregulated (PD),0,No
3501,ENSG00000211893,IGHG2,immunoglobulin heavy constant gamma 2 (G2m marker),1.6310053404319,-2.96081521001594,3.16608589398791,0.0022443148184968,0.0111656216454857,1.9521170925935718,Upregulated (PD),0,No
101928505,ENSG00000287709,LOC101928505,uncharacterized LOC101928505,-1.1163812461817,-2.00178834835233,-3.15387261372417,0.0023286229012124,0.0114424260754517,1.941481884679742,Downregulated (PD),0,No
563,ENSG00000160862,AZGP1,"alpha-2-glycoprotein 1, zinc-binding",1.05346002036839,2.97791736286333,3.15370919421798,0.0023297707889559,0.0114454570420738,1.941366860316873,Upregulated (PD),0,No
5122,ENSG00000175426,PCSK1,proprotein convertase subtilisin/kexin type 1,-1.09037725186895,5.17955071047238,-3.14656041534604,0.0023805055986484,0.0116126429746653,1.935068925939017,Downregulated (PD),0,No
93432,ENSG00000257743,MGAM2,maltase-glucoamylase 2 (putative),1.07992947771044,-2.41932728629113,3.14284711133607,0.0024072643251278,0.011695527667979,1.9319801793168299,Upregulated (PD),0,No
440482,ENSG00000290972,ANKRD20A5P,"ankyrin repeat domain 20 family member A5, pseudogene",-1.12095908619013,0.560343993756217,-3.13198062381052,0.0024871926542629,0.0119619079184746,1.922199545064882,Downregulated (PD),0,No
6279,ENSG00000143546,S100A8,S100 calcium binding protein A8,1.59917892934943,0.639398926848814,3.12429016404212,0.0025452493394777,0.0121495490065171,1.9154398428571262,Upregulated (PD),0,No
266743,ENSG00000174576,NPAS4,neuronal PAS domain protein 4,-1.49647981757683,0.50808157989254,-3.12338899363724,0.0025521346029492,0.0121716319899892,1.9146511870346317,Downregulated (PD),0,No
105371076,,LOC105371076,uncharacterized LOC105371076,1.12902451681004,-2.23785923301646,3.12088019191399,0.0025713943888786,0.0122310412436458,1.9125365693643115,Upregulated (PD),0,No
100302174,ENSG00000283867,MIR1307,microRNA 1307,-1.07125442777531,-1.66641840066897,-3.12064418947604,0.002573213113733,0.0122342574513951,1.9124223846732817,Downregulated (PD),0,No
3569,ENSG00000136244,IL6,interleukin 6,1.49163786026433,-1.19285449740621,3.117480659782,0.0025977086288281,0.0123018713180627,1.9100288201628304,Upregulated (PD),0,No
344758,ENSG00000174948,GPR149,G protein-coupled receptor 149,-1.11988854738412,-0.625049458087623,-3.11070136624842,0.0026509356492052,0.0124631714085758,1.9043714319954113,Downregulated (PD),0,No
51316,ENSG00000145287,PLAC8,placenta associated 8,1.13992537386623,-1.28245535650576,3.10259622777991,0.0027159069308749,0.0126818185854448,1.8968184637262366,Upregulated (PD),0,No
9173,ENSG00000115602,IL1RL1,interleukin 1 receptor like 1,2.29798173582109,0.821829671341745,3.09646228182439,0.0027660605066911,0.0128382375466384,1.8914945928019349,Upregulated (PD),0,No
401190,ENSG00000186479,RGS7BP,regulator of G protein signaling 7 binding protein,-1.03504423545533,4.09623739335091,-3.09460262202004,0.0027814354994514,0.0128831931837907,1.889976480902892,Downregulated (PD),0,No
101927019,,LOC101927019,uncharacterized LOC101927019,-1.0087566207532,-0.0570041411943316,-3.09036039110944,0.0028168072517399,0.012985632061925,1.8865369066950084,Downregulated (PD),0,No
2214,ENSG00000203747,FCGR3A,Fc gamma receptor IIIa,1.04883600646102,3.70454380668766,3.08560478177546,0.0028569575689293,0.0131218673856169,1.8820043556951522,Upregulated (PD),0,No
105371967,ENSG00000266401,DLGAP1-AS6,DLGAP1 antisense RNA 6,-1.03500019441096,-0.586684765110953,-3.07792720730304,0.0029229039058817,0.0133406236720804,1.8748238667454318,Downregulated (PD),0,No
3360,ENSG00000164270,HTR4,5-hydroxytryptamine receptor 4,-1.11093351635237,-0.357575045625646,-3.06698995358577,0.0030192998112065,0.0136750755138283,1.864070266811834,Downregulated (PD),0,No
116437,ENSG00000204603,LINC01257,long intergenic non-protein coding RNA 1257,-1.29704674536493,-2.40223092842533,-3.05357757260029,0.0031415482340814,0.0141202601753752,1.8501573010399668,Downregulated (PD),0,No
105378256,,LOC105378256,uncharacterized LOC105378256,-1.46694329904729,-1.15256658664232,-3.05175050341037,0.0031585530676534,0.0141759966085104,1.8484463993583644,Downregulated (PD),0,No
105369543,,LOC105369543,uncharacterized LOC105369543,-1.23759044595044,-0.202055729632278,-3.04300187122279,0.0032411706997364,0.0144385512444646,1.8404763814270233,Downregulated (PD),0,No
286753,ENSG00000184811,TRARG1,trafficking regulator of GLUT4 (SLC2A4) 1,1.11699084843666,-0.606261506875286,3.03978529286599,0.0032720482602932,0.0145391360309607,1.8374614000887053,Upregulated (PD),0,No
112268101,,LOC112268101,uncharacterized LOC112268101,-1.6017636622394,-0.384527764741741,-3.03392436236606,0.0033290143122294,0.0147142978788288,1.83226045627081,Downregulated (PD),0,No
693213,ENSG00000283891,MIR628,microRNA 628,-1.20334790153519,-0.583926043227016,-3.01988944296155,0.0034691949447007,0.0151975578849092,1.8182261937866682,Downregulated (PD),0,No
285987,,DLX6-AS1,DLX6 antisense RNA 1,-1.57698613050677,-0.747935282065731,-3.01718339559188,0.0034968454527408,0.0152961260802659,1.8154185453256837,Downregulated (PD),0,No
133,ENSG00000148926,ADM,adrenomedullin,1.01848498086373,2.4218046251697,3.01402148335682,0.0035294131734784,0.0154062608053841,1.8123027544444095,Upregulated (PD),0,No
6398,ENSG00000141574,SECTM1,secreted and transmembrane 1,1.03458349467961,-0.487399141491714,3.01093320249699,0.0035614940997274,0.0155002667280545,1.8096608284409628,Upregulated (PD),0,No
102723955,,PDE4DIPP7,PDE4DIP pseudogene 7,1.13758051868948,-1.73313944447859,3.00546408419881,0.0036189719795066,0.0156713048226497,1.8048948418412594,Upregulated (PD),0,No
101927871,,LOC101927871,uncharacterized LOC101927871,-1.08980264306466,-1.00533806082091,-2.98581567278594,0.0038326433112563,0.0163315133538174,1.786973569656497,Downregulated (PD),0,No
101928067,,LINC01945,long intergenic non-protein coding RNA 1945,-1.02870652005751,-1.28989085335597,-2.98562758919648,0.0038347440482684,0.0163332813692257,1.786926556390808,Downregulated (PD),0,No
101927281,,LOC101927281,uncharacterized LOC101927281,-1.34341395679722,-2.04585209584001,-2.98191512431014,0.0038764282661121,0.0164523005102894,1.7837733664635849,Downregulated (PD),0,No
400120,ENSG00000180440,SERTM1,serine rich and transmembrane domain containing 1,-1.11258265871744,3.37035481047137,-2.98180350861791,0.0038776879855547,0.0164544066675871,1.78371777339019,Downregulated (PD),0,No
728806,,NSFP1,N-ethylmaleimide-sensitive factor pseudogene 1,-1.3739495802006,2.49752496379345,-2.97180049664852,0.003992137235429,0.0168005560695228,1.7746763436355253,Downregulated (PD),0,No
12,ENSG00000196136,SERPINA3,serpin family A member 3,1.80839841378494,3.99360815410466,2.95748068729898,0.0041614303829615,0.0172541646043838,1.7631060631177402,Upregulated (PD),0,No
107985078,,LOC107985078,uncharacterized LOC107985078,1.18944500839628,-2.50150494743721,2.95272498468777,0.0042191078133291,0.0173829500273122,1.7598765183439895,Upregulated (PD),0,No
400932,ENSG00000205634,LINC00898,long intergenic non-protein coding RNA 898,-1.37023068229175,-1.00009842143998,-2.94406232055008,0.0043260742173932,0.0176917555091572,1.7522290709844135,Downregulated (PD),0,No
730811,ENSG00000225619,MYT1L-AS1,MYT1L antisense RNA 1,-1.07239513871649,-2.4413212884766,-2.93596511007028,0.0044283213639294,0.0179904207418298,1.7449586796940113,Downregulated (PD),0,No
9332,ENSG00000177575,CD163,CD163 molecule,1.4074677614079,1.76695040809373,2.93587065842485,0.0044295271243837,0.0179919277392987,1.7449223018191369,Upregulated (PD),0,No
730,ENSG00000112936,C7,complement C7,1.03956055640904,0.854453052040399,2.93527202902076,0.004437176230358,0.0180196009264512,1.7442548314124098,Upregulated (PD),0,No
9052,ENSG00000013588,GPRC5A,G protein-coupled receptor class C group 5 member A,1.60743350819685,-1.50191101836141,2.93403575564679,0.0044530116273872,0.0180668875364177,1.7431166588494809,Upregulated (PD),0,No
5368,ENSG00000168081,PNOC,prepronociceptin,-1.04415694203613,0.91863219051642,-2.90653577542897,0.0048190491622439,0.019148257290686,1.7178707456367956,Downregulated (PD),0,No
6347,ENSG00000108691,CCL2,C-C motif chemokine ligand 2,1.11528607726984,0.786133626585734,2.88525806122505,0.005121113257067,0.0200308952661177,1.69829963980049,Upregulated (PD),0,No
3116,ENSG00000224557,HLA-DPB2,"major histocompatibility complex, class II, DP beta 2 (pseudogene)",-1.08619513248097,-2.64132470079882,-2.88254582110792,0.005160847280951,0.0201570461397347,1.6955731100838782,Downregulated (PD),0,No
101927193,ENSG00000234661,CHL1-AS1,CHL1 antisense RNA 1,-1.16348695459452,-0.405054391387336,-2.87863825830972,0.0052185925672889,0.0203126434910982,1.6922335537547346,Downregulated (PD),0,No
23601,ENSG00000258227,CLEC5A,C-type lectin domain containing 5A,1.33302128396192,-1.32205471398459,2.87020325431456,0.0053452794928644,0.0206899180370356,1.684241229785385,Upregulated (PD),0,No
3576,ENSG00000169429,CXCL8,C-X-C motif chemokine ligand 8,1.39991273943012,-0.926347139034944,2.85107618701037,0.0056431186295866,0.0215830510567616,1.6658871619027034,Upregulated (PD),0,No
56969,,RPL23AP32,ribosomal protein L23a pseudogene 32,1.10476434717157,-1.41863514050609,2.84215095419663,0.0057872612401596,0.0220082964273827,1.6574135731132105,Upregulated (PD),0,No
23547,ENSG00000239961,LILRA4,leukocyte immunoglobulin like receptor A4,1.01737180855945,-0.730511493424456,2.83870724080339,0.0058437771171081,0.0221695272712402,1.6542435674033595,Upregulated (PD),0,No
105374235,ENSG00000223930,LOC105374235,uncharacterized LOC105374235,-1.38674904734253,-0.896518571927291,-2.83483425281632,0.0059079441556859,0.0223505638725649,1.6507115157689871,Downregulated (PD),0,No
57565,ENSG00000197705,KLHL14,kelch like family member 14,-1.33574289349464,-0.0193098159332927,-2.82784506269424,0.0060253819644695,0.0226550998077893,1.6448340201819192,Downregulated (PD),0,No
107986182,,LOC107986182,uncharacterized LOC107986182,-1.18059958492777,-1.68026590630293,-2.81869176551512,0.0061824281912047,0.0230725008444751,1.6369053294454528,Downregulated (PD),0,No
6495,ENSG00000126778,SIX1,SIX homeobox 1,1.06215598427657,-1.68593419172545,2.80237164088215,0.0064717994926867,0.0238305523093087,1.6228658921014905,Upregulated (PD),0,No
79191,ENSG00000177508,IRX3,iroquois homeobox 3,1.08784484776717,-2.71109720047861,2.80204691890875,0.0064776812447528,0.0238399908106068,1.6226939163354728,Upregulated (PD),0,No
101929415,ENSG00000254254,PENK-AS1,PENK antisense RNA 1,-1.14822204264749,-1.93120382273685,-2.79580128559261,0.0065917685103048,0.0241296315164051,1.6174493101514646,Downregulated (PD),0,No
6280,ENSG00000163220,S100A9,S100 calcium binding protein A9,1.33150852343578,1.12794153647908,2.79203321550397,0.0066614874559345,0.0243212565899207,1.6140139904202566,Upregulated (PD),0,No
9720,ENSG00000170160,CCDC144A,coiled-coil domain containing 144A,-1.02855878580817,2.30784464862258,-2.79070057791292,0.0066863061322696,0.0243870823764892,1.6128401547328113,Downregulated (PD),0,No
64699,ENSG00000160183,TMPRSS3,transmembrane serine protease 3,1.21433191348536,0.757651273134983,2.78866518381111,0.0067243764773569,0.0244886383643118,1.611035362172379,Upregulated (PD),0,No
57126,ENSG00000204936,CD177,CD177 molecule,1.27772992249554,-1.20443649653137,2.78698734977499,0.0067559083245824,0.0245827006941416,1.6093704065540189,Upregulated (PD),0,No
57817,ENSG00000105697,HAMP,hepcidin antimicrobial peptide,1.07454974091528,1.33825188935065,2.7864493881077,0.0067660470078945,0.0246112818758048,1.6088657655296181,Upregulated (PD),0,No
22915,ENSG00000138722,MMRN1,multimerin 1,1.09437929172401,-0.28721447767927,2.77644905516523,0.0069570762751548,0.0251153949551319,1.6000599879011792,Upregulated (PD),0,No
101929348,,LOC101929348,uncharacterized LOC101929348,1.05593707741607,-2.29029211112675,2.77054191832228,0.0070722255930857,0.0254500928338929,1.5943106291553604,Upregulated (PD),0,No
677779,ENSG00000214381,LINC00488,long intergenic non-protein coding RNA 488,-1.11978081963129,-2.11726509212698,-2.75549503972633,0.0073734696454108,0.0262146185743806,1.5814564569373597,Downregulated (PD),0,No
2810,ENSG00000175793,SFN,stratifin,1.2208562493246,-1.54292710650108,2.73546958836836,0.0077926051206815,0.0273127704603885,1.5636342451318102,Upregulated (PD),0,No
100873921,ENSG00000237341,SYP-AS1,SYP antisense RNA 1,-1.06249551805356,3.00686414050434,-2.73061233618985,0.0078974975061626,0.0275727954402749,1.5595192011506112,Downregulated (PD),0,No
2696,ENSG00000010310,GIPR,gastric inhibitory polypeptide receptor,1.00751141544021,1.58190242939248,2.72460148329642,0.0080290876974371,0.0278966464702831,1.5544480012779243,Upregulated (PD),0,No
1116,ENSG00000133048,CHI3L1,chitinase 3 like 1,1.01845519895981,5.3186863449567,2.70450389234463,0.0084837417427462,0.0290732393130335,1.5365065768501553,Upregulated (PD),0,No
1959,ENSG00000122877,EGR2,early growth response 2,-1.00301064862602,0.67187734705798,-2.69385753561465,0.0087339916357539,0.0297369648868513,1.5267033599619455,Downregulated (PD),0,No
105373004,,SYN3-AS1,SYN3 antisense RNA 1,1.02197042555753,0.249871218682195,2.66311231886221,0.0094949216655562,0.0315745335189121,1.5006630569771893,Upregulated (PD),0,No
2303,ENSG00000176692,FOXC2,forkhead box C2,1.00395012213096,-0.833408267308968,2.65466568388759,0.0097142847002922,0.0321749291318116,1.4924824009953568,Upregulated (PD),0,No
6750,ENSG00000157005,SST,somatostatin,-1.21289724093138,3.53662534317361,-2.64053754067083,0.0100915213043988,0.0330535664365352,1.48078167384421,Downregulated (PD),0,No
6590,ENSG00000124107,SLPI,secretory leukocyte peptidase inhibitor,1.16143223204289,-0.712399094155293,2.63816025883022,0.0101562899663293,0.0331950805814876,1.4789262727603072,Upregulated (PD),0,No
101929473,ENSG00000255087,LOC101929473,uncharacterized LOC101929473,-1.01048914214157,-0.681912872716171,-2.6165698487013,0.0107620330465981,0.0345925930231593,1.461016882523322,Downregulated (PD),0,No
143662,ENSG00000169550,MUC15,"mucin 15, cell surface associated",-1.0847157915832,-2.84926743790385,-2.61081022041882,0.0109290711419698,0.0349938109124548,1.4560087591996629,Downregulated (PD),0,No
2357,ENSG00000171051,FPR1,formyl peptide receptor 1,1.03154079678373,0.964018781983641,2.60505287959626,0.0110983888400883,0.0354411729562281,1.450491913196171,Upregulated (PD),0,No
3500,ENSG00000211896,IGHG1,immunoglobulin heavy constant gamma 1 (G1m marker),1.46539988800767,-2.59971402895899,2.60484595026275,0.0111045184523989,0.0354502416954675,1.4503807995034814,Upregulated (PD),0,No
414196,ENSG00000181800,CELF2-AS1,CELF2 antisense RNA 1,-1.03278078085514,-1.44017211878007,-2.55274364688921,0.0127491438708655,0.0392023895997852,1.406687459551723,Downregulated (PD),2,Yes
8809,ENSG00000115604,IL18R1,interleukin 18 receptor 1,1.10889637845341,0.204685514768023,2.54822687872501,0.0129015996779268,0.0395639266162036,1.4027006123447443,Upregulated (PD),0,No
105377696,,LOC105377696,uncharacterized LOC105377696,-1.05179969753966,-2.17261974444691,-2.54037789355906,0.013170447780661,0.0401664782066783,1.3961362455015143,Downregulated (PD),0,No
389941,ENSG00000165985,C1QL3,complement C1q like 3,-1.09568326313981,3.38052745758375,-2.54029239937608,0.0131734038014208,0.0401688170243664,1.3961109580954374,Downregulated (PD),2,Yes
5105,ENSG00000124253,PCK1,phosphoenolpyruvate carboxykinase 1,1.1200961820593,0.379729539965412,2.53892650168826,0.0132207119017102,0.0402959670351658,1.394738417432543,Upregulated (PD),0,No
90632,ENSG00000112541,LINC00473,long intergenic non-protein coding RNA 473,-1.12514715698568,-1.11070617798167,-2.52781957163911,0.0136111279905042,0.0411330847357208,1.385808719776838,Downregulated (PD),0,No
9271,ENSG00000125207,PIWIL1,piwi like RNA-mediated gene silencing 1,-1.01819006607508,-0.586774747802013,-2.51022792514275,0.0142507813622695,0.0426218206938151,1.3703680022898554,Downregulated (PD),0,No
101927182,,LOC101927182,uncharacterized LOC101927182,-1.05515240923954,-1.38482269276404,-2.50661419775396,0.0143854841136333,0.0428878065592787,1.3676661646156936,Downregulated (PD),0,No
26871,ENSG00000206652,RNU1-1,"RNA, U1 small nuclear 1",1.04674853593632,-2.23014058655891,2.49962276892886,0.014649348665799,0.0434401159115712,1.362109024586599,Upregulated (PD),0,No
166752,ENSG00000183090,FREM3,FRAS1 related extracellular matrix 3,-1.39420652556659,0.755593949600313,-2.49390082348771,0.0148685319535467,0.0439050643130399,1.3574853823465844,Downregulated (PD),0,No
10874,ENSG00000109255,NMU,neuromedin U,-1.01723212794675,-1.24393276592347,-2.47986505600296,0.0154187184956697,0.0452157303872588,1.3447104494386402,Downregulated (PD),0,No
3358,ENSG00000147246,HTR2C,5-hydroxytryptamine receptor 2C,-1.12189666062254,1.13653207100463,-2.47490431242678,0.0156175044855749,0.0456329252539466,1.3407216903128807,Downregulated (PD),0,No
101927728,,LINC01476,long intergenic non-protein coding RNA 1476,-1.08487306745062,-0.657624794137954,-2.47473987859166,0.0156241328650884,0.0456369124860945,1.3406837449639268,Downregulated (PD),0,No
140893,ENSG00000130701,RBBP8NL,RBBP8 N-terminal like,-1.09543011424533,-1.99543760640551,-2.45867076502416,0.0162841935395469,0.0470707377765225,1.327248994602652,Downregulated (PD),0,No
105377390,ENSG00000228358,LINC02263,long intergenic non-protein coding RNA 2263,-1.05300140602065,-1.7853341896637,-2.44548028058725,0.0168445779390283,0.0481730760993063,1.3171956208580695,Downregulated (PD),0,No
