Algorithm,Rank,Gene_Symbol,Metric_Type,Score,log2FC,FDR_padj,Total_Votes,Consensus_Tier
LASSO,1,ADAM33,|Weight| (L1 Penalty),9.391,1.978504036683174,1.295250185883846e-06,4,4 Algorithms
LASSO,2,DNAJB1,|Weight| (L1 Penalty),8.728,1.670748174030024,0.0009033673145626,3,3 Algorithms
LASSO,3,C1QL3,|Weight| (L1 Penalty),7.916,-3.25911349625075,7.569036729765024e-05,2,2 Algorithms
LASSO,4,CELF2-AS1,|Weight| (L1 Penalty),7.093,-2.005765214168458,0.0925685841111951,2,2 Algorithms
LASSO,5,CISTR,|Weight| (L1 Penalty),6.182,-1.572543587390074,0.0022250726625503,2,2 Algorithms
LASSO,6,CCN4,|Weight| (L1 Penalty),5.389,1.371537081064877,0.0115862710198501,1,1 Algorithms
LASSO,7,SYTL4,|Weight| (L1 Penalty),4.609,2.302755163295801,3.268323604987949e-06,1,1 Algorithms
LASSO,8,SHISA3,|Weight| (L1 Penalty),3.819,2.21069063432102,4.448998254028553e-06,1,1 Algorithms
LASSO,9,PRAP1,|Weight| (L1 Penalty),3.096,-1.197091902735974,0.0048389181171764,1,1 Algorithms
LASSO,10,LINC01546,|Weight| (L1 Penalty),2.154,1.417490539711346,0.0413139107304326,1,1 Algorithms
Boruta,1,ADAM33,Z-Score over Shadow,9.375,1.978504036683174,1.295250185883846e-06,4,4 Algorithms
Boruta,2,SERPINF2,Z-Score over Shadow,8.743,1.931237544916367,3.14780896318517e-06,2,2 Algorithms
Boruta,3,SIX5,Z-Score over Shadow,7.992,1.757487670683604,4.887939079261196e-07,2,2 Algorithms
Boruta,4,PRELP,Z-Score over Shadow,7.14,1.837920693430546,1.883737500153539e-06,2,2 Algorithms
Boruta,5,HSPB1,Z-Score over Shadow,6.131,2.966347970925607,2.719181073807927e-06,2,2 Algorithms
Boruta,6,MT1A,Z-Score over Shadow,5.423,2.927266640148765,1.032259919089601e-05,2,2 Algorithms
Boruta,7,SMTN,Z-Score over Shadow,4.796,2.252990424293011,6.693919584252302e-08,2,2 Algorithms
Boruta,8,DNAJB1,Z-Score over Shadow,3.926,1.670748174030024,0.0009033673145626,3,3 Algorithms
Boruta,9,RIPOR3,Z-Score over Shadow,3.134,2.406433664492644,4.893819666506997e-09,3,3 Algorithms
Boruta,10,CSF1,Z-Score over Shadow,2.246,1.995034197751115,6.571035395468793e-08,1,1 Algorithms
SVM_RFE,1,ADAM33,Pruning Rank,1.0,1.978504036683174,1.295250185883846e-06,4,4 Algorithms
SVM_RFE,2,IFITM2,Pruning Rank,2.0,2.351982910874264,4.593595264581145e-06,1,1 Algorithms
SVM_RFE,3,CISTR,Pruning Rank,3.0,-1.572543587390074,0.0022250726625503,2,2 Algorithms
SVM_RFE,4,OTOS,Pruning Rank,4.0,2.086690844113924,6.937095632533817e-06,1,1 Algorithms
SVM_RFE,5,C1QL3,Pruning Rank,5.0,-3.25911349625075,7.569036729765024e-05,2,2 Algorithms
SVM_RFE,6,KCNQ5-DT,Pruning Rank,6.0,-3.499754101515205,1.133693554869108e-06,1,1 Algorithms
SVM_RFE,7,LINC03044,Pruning Rank,7.0,-1.754899764726558,0.0002397792206643,1,1 Algorithms
SVM_RFE,8,MT1A,Pruning Rank,8.0,2.927266640148765,1.032259919089601e-05,2,2 Algorithms
SVM_RFE,9,CSAG1,Pruning Rank,9.0,1.857545243287742,3.985569501946302e-06,1,1 Algorithms
SVM_RFE,10,CELF2-AS1,Pruning Rank,10.0,-2.005765214168458,0.0925685841111951,2,2 Algorithms
XGBoost,1,RIPOR3,Feature Gain,9.508,2.406433664492644,4.893819666506997e-09,3,3 Algorithms
XGBoost,2,LINC02019,Feature Gain,8.729,1.524399250299361,1.632794604021564e-05,2,2 Algorithms
XGBoost,3,SMTN,Feature Gain,7.915,2.252990424293011,6.693919584252302e-08,2,2 Algorithms
XGBoost,4,PCOLCE,Feature Gain,7.097,2.099325403212725,6.97260824467133e-07,1,1 Algorithms
XGBoost,5,KLF15,Feature Gain,6.266,1.665561291147299,3.789104884611376e-07,1,1 Algorithms
XGBoost,6,MLKL,Feature Gain,5.418,2.569687616231396,3.002157906064541e-08,1,1 Algorithms
XGBoost,7,HSPA1B,Feature Gain,4.593,2.642858092117704,4.215921258398065e-05,1,1 Algorithms
XGBoost,8,EPHA2,Feature Gain,3.805,2.149508721475813,6.693919584252302e-08,1,1 Algorithms
XGBoost,9,DNAJB1,Feature Gain,2.907,1.670748174030024,0.0009033673145626,3,3 Algorithms
XGBoost,10,SERPINF2,Feature Gain,2.191,1.931237544916367,3.14780896318517e-06,2,2 Algorithms
MutualInfo,1,ADAM33,Mutual Info (Nats),9.567,1.978504036683174,1.295250185883846e-06,4,4 Algorithms
MutualInfo,2,SIX5,Mutual Info (Nats),8.799,1.757487670683604,4.887939079261196e-07,2,2 Algorithms
MutualInfo,3,RIPOR3,Mutual Info (Nats),7.946,2.406433664492644,4.893819666506997e-09,3,3 Algorithms
MutualInfo,4,LRG1,Mutual Info (Nats),7.126,3.513735474898406,6.313801196367237e-06,1,1 Algorithms
MutualInfo,5,LINC02019,Mutual Info (Nats),6.382,1.524399250299361,1.632794604021564e-05,2,2 Algorithms
MutualInfo,6,PRELP,Mutual Info (Nats),5.592,1.837920693430546,1.883737500153539e-06,2,2 Algorithms
MutualInfo,7,SERPINH1,Mutual Info (Nats),4.504,2.7010785754579,1.758189529355882e-06,1,1 Algorithms
MutualInfo,8,CLDN9,Mutual Info (Nats),3.931,1.974579723953125,4.706358228174473e-05,1,1 Algorithms
MutualInfo,9,HSPB1,Mutual Info (Nats),2.905,2.966347970925607,2.719181073807927e-06,2,2 Algorithms
MutualInfo,10,TRIP10,Mutual Info (Nats),2.374,2.34500673653846,3.048353522689177e-09,1,1 Algorithms
