Gene_Symbol,Votes,Supporting_Algorithms,log2FC,FDR_padj,Regulation
ADAM33,4,LASSO; Boruta; SVM_RFE; MutualInfo,1.978504036683174,1.295250185883846e-06,Upregulated (PD)
DNAJB1,3,LASSO; Boruta; XGBoost,1.670748174030024,0.0009033673145626,Upregulated (PD)
RIPOR3,3,Boruta; XGBoost; MutualInfo,2.406433664492644,4.893819666506997e-09,Upregulated (PD)
C1QL3,2,LASSO; SVM_RFE,-3.25911349625075,7.569036729765024e-05,Downregulated (PD)
CELF2-AS1,2,LASSO; SVM_RFE,-2.005765214168458,0.0925685841111951,Downregulated (PD)
CISTR,2,LASSO; SVM_RFE,-1.572543587390074,0.0022250726625503,Downregulated (PD)
SERPINF2,2,Boruta; XGBoost,1.931237544916367,3.14780896318517e-06,Upregulated (PD)
SIX5,2,Boruta; MutualInfo,1.757487670683604,4.887939079261196e-07,Upregulated (PD)
PRELP,2,Boruta; MutualInfo,1.837920693430546,1.883737500153539e-06,Upregulated (PD)
HSPB1,2,Boruta; MutualInfo,2.966347970925607,2.719181073807927e-06,Upregulated (PD)
MT1A,2,Boruta; SVM_RFE,2.927266640148765,1.032259919089601e-05,Upregulated (PD)
SMTN,2,Boruta; XGBoost,2.252990424293011,6.693919584252302e-08,Upregulated (PD)
LINC02019,2,XGBoost; MutualInfo,1.524399250299361,1.632794604021564e-05,Upregulated (PD)
