Sample_ID,Cohort,Phenotype,Gene_Symbol,Normalized_log2CPM,Z_Score
C.1,GSE68719 (Prefrontal Cortex),Healthy Control,ADAM33,3.668,-1.004
C.1,GSE68719 (Prefrontal Cortex),Healthy Control,DNAJB1,3.548,-1.068
C.1,GSE68719 (Prefrontal Cortex),Healthy Control,RIPOR3,3.373,-1.278
C.1,GSE68719 (Prefrontal Cortex),Healthy Control,C1QL3,3.89,0.742
C.1,GSE68719 (Prefrontal Cortex),Healthy Control,CELF2-AS1,4.082,0.755
C.1,GSE68719 (Prefrontal Cortex),Healthy Control,CISTR,3.995,0.602
C.1,GSE68719 (Prefrontal Cortex),Healthy Control,SERPINF2,3.331,-1.296
C.1,GSE68719 (Prefrontal Cortex),Healthy Control,SIX5,3.702,-0.992
C.1,GSE68719 (Prefrontal Cortex),Healthy Control,PRELP,4.949,0.293
C.1,GSE68719 (Prefrontal Cortex),Healthy Control,HSPB1,3.637,-1.028
C.1,GSE68719 (Prefrontal Cortex),Healthy Control,MT1A,3.823,-0.943
C.1,GSE68719 (Prefrontal Cortex),Healthy Control,SMTN,4.384,-0.336
C.1,GSE68719 (Prefrontal Cortex),Healthy Control,LINC02019,4.029,-0.603
C.2,GSE68719 (Prefrontal Cortex),Healthy Control,ADAM33,4.245,-0.491
C.2,GSE68719 (Prefrontal Cortex),Healthy Control,DNAJB1,3.704,-0.914
C.2,GSE68719 (Prefrontal Cortex),Healthy Control,RIPOR3,4.536,-0.275
C.2,GSE68719 (Prefrontal Cortex),Healthy Control,C1QL3,4.07,0.855
C.2,GSE68719 (Prefrontal Cortex),Healthy Control,CELF2-AS1,3.979,0.664
C.2,GSE68719 (Prefrontal Cortex),Healthy Control,CISTR,3.231,-0.227
C.2,GSE68719 (Prefrontal Cortex),Healthy Control,SERPINF2,4.441,-0.262
C.2,GSE68719 (Prefrontal Cortex),Healthy Control,SIX5,3.914,-0.774
C.2,GSE68719 (Prefrontal Cortex),Healthy Control,PRELP,3.741,-0.887
C.2,GSE68719 (Prefrontal Cortex),Healthy Control,HSPB1,4.658,-0.387
C.2,GSE68719 (Prefrontal Cortex),Healthy Control,MT1A,5.063,-0.103
C.2,GSE68719 (Prefrontal Cortex),Healthy Control,SMTN,3.747,-0.807
C.2,GSE68719 (Prefrontal Cortex),Healthy Control,LINC02019,4.348,-0.245
C.3,GSE68719 (Prefrontal Cortex),Healthy Control,ADAM33,3.896,-0.801
C.3,GSE68719 (Prefrontal Cortex),Healthy Control,DNAJB1,4.399,-0.23
C.3,GSE68719 (Prefrontal Cortex),Healthy Control,RIPOR3,3.629,-1.057
C.3,GSE68719 (Prefrontal Cortex),Healthy Control,C1QL3,3.947,0.778
C.3,GSE68719 (Prefrontal Cortex),Healthy Control,CELF2-AS1,3.656,0.379
C.3,GSE68719 (Prefrontal Cortex),Healthy Control,CISTR,4.522,1.174
C.3,GSE68719 (Prefrontal Cortex),Healthy Control,SERPINF2,3.731,-0.924
C.3,GSE68719 (Prefrontal Cortex),Healthy Control,SIX5,3.951,-0.736
C.3,GSE68719 (Prefrontal Cortex),Healthy Control,PRELP,4.216,-0.423
C.3,GSE68719 (Prefrontal Cortex),Healthy Control,HSPB1,4.062,-0.761
C.3,GSE68719 (Prefrontal Cortex),Healthy Control,MT1A,4.277,-0.636
C.3,GSE68719 (Prefrontal Cortex),Healthy Control,SMTN,3.413,-1.054
C.3,GSE68719 (Prefrontal Cortex),Healthy Control,LINC02019,3.513,-1.182
C.4,GSE68719 (Prefrontal Cortex),Healthy Control,ADAM33,3.474,-1.176
C.4,GSE68719 (Prefrontal Cortex),Healthy Control,DNAJB1,3.338,-1.275
C.4,GSE68719 (Prefrontal Cortex),Healthy Control,RIPOR3,3.867,-0.852
C.4,GSE68719 (Prefrontal Cortex),Healthy Control,C1QL3,3.861,0.724
C.4,GSE68719 (Prefrontal Cortex),Healthy Control,CELF2-AS1,3.254,0.024
C.4,GSE68719 (Prefrontal Cortex),Healthy Control,CISTR,4.698,1.364
C.4,GSE68719 (Prefrontal Cortex),Healthy Control,SERPINF2,3.342,-1.286
C.4,GSE68719 (Prefrontal Cortex),Healthy Control,SIX5,4.298,-0.379
C.4,GSE68719 (Prefrontal Cortex),Healthy Control,PRELP,3.774,-0.855
C.4,GSE68719 (Prefrontal Cortex),Healthy Control,HSPB1,5.05,-0.14
C.4,GSE68719 (Prefrontal Cortex),Healthy Control,MT1A,3.743,-0.997
C.4,GSE68719 (Prefrontal Cortex),Healthy Control,SMTN,3.492,-0.995
C.4,GSE68719 (Prefrontal Cortex),Healthy Control,LINC02019,3.526,-1.168
C.5,GSE68719 (Prefrontal Cortex),Healthy Control,ADAM33,4.821,0.02
C.5,GSE68719 (Prefrontal Cortex),Healthy Control,DNAJB1,4.62,-0.012
C.5,GSE68719 (Prefrontal Cortex),Healthy Control,RIPOR3,4.362,-0.425
C.5,GSE68719 (Prefrontal Cortex),Healthy Control,C1QL3,2.948,0.155
C.5,GSE68719 (Prefrontal Cortex),Healthy Control,CELF2-AS1,3.739,0.452
C.5,GSE68719 (Prefrontal Cortex),Healthy Control,CISTR,4.168,0.79
C.5,GSE68719 (Prefrontal Cortex),Healthy Control,SERPINF2,4.046,-0.63
C.5,GSE68719 (Prefrontal Cortex),Healthy Control,SIX5,3.42,-1.282
C.5,GSE68719 (Prefrontal Cortex),Healthy Control,PRELP,4.19,-0.448
C.5,GSE68719 (Prefrontal Cortex),Healthy Control,HSPB1,3.926,-0.847
C.5,GSE68719 (Prefrontal Cortex),Healthy Control,MT1A,3.944,-0.861
C.5,GSE68719 (Prefrontal Cortex),Healthy Control,SMTN,3.46,-1.019
C.5,GSE68719 (Prefrontal Cortex),Healthy Control,LINC02019,3.701,-0.971
C.6,GSE68719 (Prefrontal Cortex),Healthy Control,ADAM33,3.487,-1.164
C.6,GSE68719 (Prefrontal Cortex),Healthy Control,DNAJB1,3.695,-0.923
C.6,GSE68719 (Prefrontal Cortex),Healthy Control,RIPOR3,4.202,-0.563
C.6,GSE68719 (Prefrontal Cortex),Healthy Control,C1QL3,3.123,0.264
C.6,GSE68719 (Prefrontal Cortex),Healthy Control,CELF2-AS1,4.202,0.861
C.6,GSE68719 (Prefrontal Cortex),Healthy Control,CISTR,4.754,1.425
C.6,GSE68719 (Prefrontal Cortex),Healthy Control,SERPINF2,4.937,0.2
C.6,GSE68719 (Prefrontal Cortex),Healthy Control,SIX5,4.468,-0.204
C.6,GSE68719 (Prefrontal Cortex),Healthy Control,PRELP,3.436,-1.185
C.6,GSE68719 (Prefrontal Cortex),Healthy Control,HSPB1,4.058,-0.764
C.6,GSE68719 (Prefrontal Cortex),Healthy Control,MT1A,4.219,-0.675
C.6,GSE68719 (Prefrontal Cortex),Healthy Control,SMTN,3.906,-0.689
C.6,GSE68719 (Prefrontal Cortex),Healthy Control,LINC02019,3.935,-0.709
C.7,GSE68719 (Prefrontal Cortex),Healthy Control,ADAM33,3.58,-1.082
C.7,GSE68719 (Prefrontal Cortex),Healthy Control,DNAJB1,3.803,-0.817
C.7,GSE68719 (Prefrontal Cortex),Healthy Control,RIPOR3,4.637,-0.188
C.7,GSE68719 (Prefrontal Cortex),Healthy Control,C1QL3,4.074,0.857
C.7,GSE68719 (Prefrontal Cortex),Healthy Control,CELF2-AS1,4.721,1.319
C.7,GSE68719 (Prefrontal Cortex),Healthy Control,CISTR,4.31,0.944
C.7,GSE68719 (Prefrontal Cortex),Healthy Control,SERPINF2,3.761,-0.896
C.7,GSE68719 (Prefrontal Cortex),Healthy Control,SIX5,4.02,-0.665
C.7,GSE68719 (Prefrontal Cortex),Healthy Control,PRELP,4.539,-0.108
C.7,GSE68719 (Prefrontal Cortex),Healthy Control,HSPB1,4.654,-0.389
C.7,GSE68719 (Prefrontal Cortex),Healthy Control,MT1A,4.285,-0.63
C.7,GSE68719 (Prefrontal Cortex),Healthy Control,SMTN,3.283,-1.15
C.7,GSE68719 (Prefrontal Cortex),Healthy Control,LINC02019,4.121,-0.5
C.8,GSE68719 (Prefrontal Cortex),Healthy Control,ADAM33,3.957,-0.747
C.8,GSE68719 (Prefrontal Cortex),Healthy Control,DNAJB1,4.06,-0.564
C.8,GSE68719 (Prefrontal Cortex),Healthy Control,RIPOR3,4.23,-0.539
C.8,GSE68719 (Prefrontal Cortex),Healthy Control,C1QL3,3.475,0.483
C.8,GSE68719 (Prefrontal Cortex),Healthy Control,CELF2-AS1,3.771,0.48
C.8,GSE68719 (Prefrontal Cortex),Healthy Control,CISTR,3.937,0.539
C.8,GSE68719 (Prefrontal Cortex),Healthy Control,SERPINF2,4.257,-0.434
C.8,GSE68719 (Prefrontal Cortex),Healthy Control,SIX5,5.122,0.468
C.8,GSE68719 (Prefrontal Cortex),Healthy Control,PRELP,3.277,-1.34
C.8,GSE68719 (Prefrontal Cortex),Healthy Control,HSPB1,4.895,-0.238
C.8,GSE68719 (Prefrontal Cortex),Healthy Control,MT1A,4.628,-0.398
C.8,GSE68719 (Prefrontal Cortex),Healthy Control,SMTN,3.594,-0.92
C.8,GSE68719 (Prefrontal Cortex),Healthy Control,LINC02019,4.636,0.078
C.9,GSE68719 (Prefrontal Cortex),Healthy Control,ADAM33,5.144,0.307
C.9,GSE68719 (Prefrontal Cortex),Healthy Control,DNAJB1,4.211,-0.415
C.9,GSE68719 (Prefrontal Cortex),Healthy Control,RIPOR3,4.468,-0.334
C.9,GSE68719 (Prefrontal Cortex),Healthy Control,C1QL3,4.905,1.376
C.9,GSE68719 (Prefrontal Cortex),Healthy Control,CELF2-AS1,3.132,-0.084
C.9,GSE68719 (Prefrontal Cortex),Healthy Control,CISTR,4.336,0.972
C.9,GSE68719 (Prefrontal Cortex),Healthy Control,SERPINF2,3.67,-0.98
C.9,GSE68719 (Prefrontal Cortex),Healthy Control,SIX5,4.307,-0.37
C.9,GSE68719 (Prefrontal Cortex),Healthy Control,PRELP,3.827,-0.803
C.9,GSE68719 (Prefrontal Cortex),Healthy Control,HSPB1,4.718,-0.349
C.9,GSE68719 (Prefrontal Cortex),Healthy Control,MT1A,3.619,-1.081
C.9,GSE68719 (Prefrontal Cortex),Healthy Control,SMTN,3.948,-0.658
C.9,GSE68719 (Prefrontal Cortex),Healthy Control,LINC02019,4.739,0.194
C.10,GSE68719 (Prefrontal Cortex),Healthy Control,ADAM33,4.542,-0.228
C.10,GSE68719 (Prefrontal Cortex),Healthy Control,DNAJB1,4.067,-0.557
C.10,GSE68719 (Prefrontal Cortex),Healthy Control,RIPOR3,3.605,-1.078
C.10,GSE68719 (Prefrontal Cortex),Healthy Control,C1QL3,3.181,0.3
C.10,GSE68719 (Prefrontal Cortex),Healthy Control,CELF2-AS1,4.259,0.911
C.10,GSE68719 (Prefrontal Cortex),Healthy Control,CISTR,4.675,1.339
C.10,GSE68719 (Prefrontal Cortex),Healthy Control,SERPINF2,4.448,-0.256
C.10,GSE68719 (Prefrontal Cortex),Healthy Control,SIX5,4.291,-0.386
C.10,GSE68719 (Prefrontal Cortex),Healthy Control,PRELP,3.287,-1.33
C.10,GSE68719 (Prefrontal Cortex),Healthy Control,HSPB1,4.41,-0.543
C.10,GSE68719 (Prefrontal Cortex),Healthy Control,MT1A,5.19,-0.017
C.10,GSE68719 (Prefrontal Cortex),Healthy Control,SMTN,3.405,-1.06
C.10,GSE68719 (Prefrontal Cortex),Healthy Control,LINC02019,4.947,0.427
C.11,GSE68719 (Prefrontal Cortex),Healthy Control,ADAM33,4.127,-0.596
C.11,GSE68719 (Prefrontal Cortex),Healthy Control,DNAJB1,3.773,-0.846
C.11,GSE68719 (Prefrontal Cortex),Healthy Control,RIPOR3,3.708,-0.989
C.11,GSE68719 (Prefrontal Cortex),Healthy Control,C1QL3,3.79,0.68
C.11,GSE68719 (Prefrontal Cortex),Healthy Control,CELF2-AS1,3.614,0.342
C.11,GSE68719 (Prefrontal Cortex),Healthy Control,CISTR,4.369,1.008
C.11,GSE68719 (Prefrontal Cortex),Healthy Control,SERPINF2,4.395,-0.305
C.11,GSE68719 (Prefrontal Cortex),Healthy Control,SIX5,3.708,-0.985
C.11,GSE68719 (Prefrontal Cortex),Healthy Control,PRELP,4.26,-0.38
C.11,GSE68719 (Prefrontal Cortex),Healthy Control,HSPB1,4.297,-0.614
C.11,GSE68719 (Prefrontal Cortex),Healthy Control,MT1A,3.73,-1.006
C.11,GSE68719 (Prefrontal Cortex),Healthy Control,SMTN,4.544,-0.218
C.11,GSE68719 (Prefrontal Cortex),Healthy Control,LINC02019,3.858,-0.795
C.12,GSE68719 (Prefrontal Cortex),Healthy Control,ADAM33,4.417,-0.339
C.12,GSE68719 (Prefrontal Cortex),Healthy Control,DNAJB1,3.739,-0.88
C.12,GSE68719 (Prefrontal Cortex),Healthy Control,RIPOR3,3.24,-1.392
C.12,GSE68719 (Prefrontal Cortex),Healthy Control,C1QL3,4.092,0.868
C.12,GSE68719 (Prefrontal Cortex),Healthy Control,CELF2-AS1,3.473,0.217
C.12,GSE68719 (Prefrontal Cortex),Healthy Control,CISTR,3.736,0.321
C.12,GSE68719 (Prefrontal Cortex),Healthy Control,SERPINF2,4.09,-0.589
C.12,GSE68719 (Prefrontal Cortex),Healthy Control,SIX5,4.031,-0.653
C.12,GSE68719 (Prefrontal Cortex),Healthy Control,PRELP,4.916,0.261
C.12,GSE68719 (Prefrontal Cortex),Healthy Control,HSPB1,4.009,-0.795
C.12,GSE68719 (Prefrontal Cortex),Healthy Control,MT1A,4.076,-0.772
C.12,GSE68719 (Prefrontal Cortex),Healthy Control,SMTN,4.292,-0.404
C.12,GSE68719 (Prefrontal Cortex),Healthy Control,LINC02019,3.789,-0.873
C.13,GSE68719 (Prefrontal Cortex),Healthy Control,ADAM33,4.498,-0.267
C.13,GSE68719 (Prefrontal Cortex),Healthy Control,DNAJB1,3.794,-0.826
C.13,GSE68719 (Prefrontal Cortex),Healthy Control,RIPOR3,4.258,-0.515
C.13,GSE68719 (Prefrontal Cortex),Healthy Control,C1QL3,4.378,1.047
C.13,GSE68719 (Prefrontal Cortex),Healthy Control,CELF2-AS1,4.643,1.25
C.13,GSE68719 (Prefrontal Cortex),Healthy Control,CISTR,3.495,0.06
C.13,GSE68719 (Prefrontal Cortex),Healthy Control,SERPINF2,3.377,-1.253
C.13,GSE68719 (Prefrontal Cortex),Healthy Control,SIX5,3.318,-1.386
C.13,GSE68719 (Prefrontal Cortex),Healthy Control,PRELP,4.01,-0.624
C.13,GSE68719 (Prefrontal Cortex),Healthy Control,HSPB1,4.252,-0.642
C.13,GSE68719 (Prefrontal Cortex),Healthy Control,MT1A,4.831,-0.26
C.13,GSE68719 (Prefrontal Cortex),Healthy Control,SMTN,4.259,-0.428
C.13,GSE68719 (Prefrontal Cortex),Healthy Control,LINC02019,4.412,-0.173
C.14,GSE68719 (Prefrontal Cortex),Healthy Control,ADAM33,4.014,-0.696
C.14,GSE68719 (Prefrontal Cortex),Healthy Control,DNAJB1,3.411,-1.203
C.14,GSE68719 (Prefrontal Cortex),Healthy Control,RIPOR3,4.128,-0.627
C.14,GSE68719 (Prefrontal Cortex),Healthy Control,C1QL3,4.122,0.887
C.14,GSE68719 (Prefrontal Cortex),Healthy Control,CELF2-AS1,4.359,0.999
C.14,GSE68719 (Prefrontal Cortex),Healthy Control,CISTR,3.908,0.508
C.14,GSE68719 (Prefrontal Cortex),Healthy Control,SERPINF2,3.718,-0.936
C.14,GSE68719 (Prefrontal Cortex),Healthy Control,SIX5,3.16,-1.549
C.14,GSE68719 (Prefrontal Cortex),Healthy Control,PRELP,3.262,-1.354
C.14,GSE68719 (Prefrontal Cortex),Healthy Control,HSPB1,3.787,-0.934
C.14,GSE68719 (Prefrontal Cortex),Healthy Control,MT1A,4.653,-0.381
C.14,GSE68719 (Prefrontal Cortex),Healthy Control,SMTN,4.088,-0.555
C.14,GSE68719 (Prefrontal Cortex),Healthy Control,LINC02019,3.622,-1.06
C.15,GSE68719 (Prefrontal Cortex),Healthy Control,ADAM33,3.89,-0.807
C.15,GSE68719 (Prefrontal Cortex),Healthy Control,DNAJB1,3.573,-1.043
C.15,GSE68719 (Prefrontal Cortex),Healthy Control,RIPOR3,4.063,-0.683
C.15,GSE68719 (Prefrontal Cortex),Healthy Control,C1QL3,4.563,1.162
C.15,GSE68719 (Prefrontal Cortex),Healthy Control,CELF2-AS1,4.21,0.868
C.15,GSE68719 (Prefrontal Cortex),Healthy Control,CISTR,4.069,0.682
C.15,GSE68719 (Prefrontal Cortex),Healthy Control,SERPINF2,3.986,-0.686
C.15,GSE68719 (Prefrontal Cortex),Healthy Control,SIX5,4.354,-0.321
C.15,GSE68719 (Prefrontal Cortex),Healthy Control,PRELP,3.992,-0.642
C.15,GSE68719 (Prefrontal Cortex),Healthy Control,HSPB1,3.22,-1.29
C.15,GSE68719 (Prefrontal Cortex),Healthy Control,MT1A,4.359,-0.58
C.15,GSE68719 (Prefrontal Cortex),Healthy Control,SMTN,3.864,-0.72
C.15,GSE68719 (Prefrontal Cortex),Healthy Control,LINC02019,4.044,-0.586
C.16,GSE68719 (Prefrontal Cortex),Healthy Control,ADAM33,3.663,-1.008
C.16,GSE68719 (Prefrontal Cortex),Healthy Control,DNAJB1,3.107,-1.502
C.16,GSE68719 (Prefrontal Cortex),Healthy Control,RIPOR3,4.943,0.076
C.16,GSE68719 (Prefrontal Cortex),Healthy Control,C1QL3,3.594,0.558
C.16,GSE68719 (Prefrontal Cortex),Healthy Control,CELF2-AS1,4.468,1.095
C.16,GSE68719 (Prefrontal Cortex),Healthy Control,CISTR,4.044,0.655
C.16,GSE68719 (Prefrontal Cortex),Healthy Control,SERPINF2,3.805,-0.855
C.16,GSE68719 (Prefrontal Cortex),Healthy Control,SIX5,4.156,-0.525
C.16,GSE68719 (Prefrontal Cortex),Healthy Control,PRELP,3.161,-1.453
C.16,GSE68719 (Prefrontal Cortex),Healthy Control,HSPB1,3.831,-0.906
C.16,GSE68719 (Prefrontal Cortex),Healthy Control,MT1A,4.126,-0.738
C.16,GSE68719 (Prefrontal Cortex),Healthy Control,SMTN,3.501,-0.989
C.16,GSE68719 (Prefrontal Cortex),Healthy Control,LINC02019,4.1,-0.523
C.17,GSE68719 (Prefrontal Cortex),Healthy Control,ADAM33,4.691,-0.095
C.17,GSE68719 (Prefrontal Cortex),Healthy Control,DNAJB1,4.051,-0.573
C.17,GSE68719 (Prefrontal Cortex),Healthy Control,RIPOR3,4.03,-0.711
C.17,GSE68719 (Prefrontal Cortex),Healthy Control,C1QL3,3.527,0.516
C.17,GSE68719 (Prefrontal Cortex),Healthy Control,CELF2-AS1,3.282,0.049
C.17,GSE68719 (Prefrontal Cortex),Healthy Control,CISTR,4.391,1.031
C.17,GSE68719 (Prefrontal Cortex),Healthy Control,SERPINF2,4.775,0.049
C.17,GSE68719 (Prefrontal Cortex),Healthy Control,SIX5,3.805,-0.886
C.17,GSE68719 (Prefrontal Cortex),Healthy Control,PRELP,4.432,-0.212
C.17,GSE68719 (Prefrontal Cortex),Healthy Control,HSPB1,4.378,-0.563
C.17,GSE68719 (Prefrontal Cortex),Healthy Control,MT1A,4.446,-0.521
C.17,GSE68719 (Prefrontal Cortex),Healthy Control,SMTN,3.901,-0.693
C.17,GSE68719 (Prefrontal Cortex),Healthy Control,LINC02019,4.372,-0.218
C.18,GSE68719 (Prefrontal Cortex),Healthy Control,ADAM33,4.927,0.114
C.18,GSE68719 (Prefrontal Cortex),Healthy Control,DNAJB1,4.191,-0.435
C.18,GSE68719 (Prefrontal Cortex),Healthy Control,RIPOR3,3.714,-0.984
C.18,GSE68719 (Prefrontal Cortex),Healthy Control,C1QL3,4.344,1.026
C.18,GSE68719 (Prefrontal Cortex),Healthy Control,CELF2-AS1,4.182,0.843
C.18,GSE68719 (Prefrontal Cortex),Healthy Control,CISTR,3.479,0.042
C.18,GSE68719 (Prefrontal Cortex),Healthy Control,SERPINF2,4.15,-0.533
C.18,GSE68719 (Prefrontal Cortex),Healthy Control,SIX5,3.738,-0.955
C.18,GSE68719 (Prefrontal Cortex),Healthy Control,PRELP,4.561,-0.086
C.18,GSE68719 (Prefrontal Cortex),Healthy Control,HSPB1,4.47,-0.505
C.18,GSE68719 (Prefrontal Cortex),Healthy Control,MT1A,4.161,-0.714
C.18,GSE68719 (Prefrontal Cortex),Healthy Control,SMTN,4.253,-0.433
C.18,GSE68719 (Prefrontal Cortex),Healthy Control,LINC02019,4.04,-0.591
C.19,GSE68719 (Prefrontal Cortex),Healthy Control,ADAM33,3.797,-0.889
C.19,GSE68719 (Prefrontal Cortex),Healthy Control,DNAJB1,4.398,-0.231
C.19,GSE68719 (Prefrontal Cortex),Healthy Control,RIPOR3,5.05,0.168
C.19,GSE68719 (Prefrontal Cortex),Healthy Control,C1QL3,3.902,0.75
C.19,GSE68719 (Prefrontal Cortex),Healthy Control,CELF2-AS1,3.418,0.169
C.19,GSE68719 (Prefrontal Cortex),Healthy Control,CISTR,4.419,1.062
C.19,GSE68719 (Prefrontal Cortex),Healthy Control,SERPINF2,4.906,0.171
C.19,GSE68719 (Prefrontal Cortex),Healthy Control,SIX5,3.967,-0.719
C.19,GSE68719 (Prefrontal Cortex),Healthy Control,PRELP,3.886,-0.745
C.19,GSE68719 (Prefrontal Cortex),Healthy Control,HSPB1,3.01,-1.422
C.19,GSE68719 (Prefrontal Cortex),Healthy Control,MT1A,4.013,-0.814
C.19,GSE68719 (Prefrontal Cortex),Healthy Control,SMTN,4.794,-0.033
C.19,GSE68719 (Prefrontal Cortex),Healthy Control,LINC02019,3.729,-0.94
C.20,GSE68719 (Prefrontal Cortex),Healthy Control,ADAM33,3.606,-1.059
C.20,GSE68719 (Prefrontal Cortex),Healthy Control,DNAJB1,4.024,-0.599
C.20,GSE68719 (Prefrontal Cortex),Healthy Control,RIPOR3,4.591,-0.228
C.20,GSE68719 (Prefrontal Cortex),Healthy Control,C1QL3,3.619,0.573
C.20,GSE68719 (Prefrontal Cortex),Healthy Control,CELF2-AS1,4.233,0.888
C.20,GSE68719 (Prefrontal Cortex),Healthy Control,CISTR,4.109,0.726
C.20,GSE68719 (Prefrontal Cortex),Healthy Control,SERPINF2,3.306,-1.32
C.20,GSE68719 (Prefrontal Cortex),Healthy Control,SIX5,3.608,-1.088
C.20,GSE68719 (Prefrontal Cortex),Healthy Control,PRELP,4.294,-0.347
C.20,GSE68719 (Prefrontal Cortex),Healthy Control,HSPB1,3.699,-0.989
C.20,GSE68719 (Prefrontal Cortex),Healthy Control,MT1A,4.029,-0.804
C.20,GSE68719 (Prefrontal Cortex),Healthy Control,SMTN,3.596,-0.919
C.20,GSE68719 (Prefrontal Cortex),Healthy Control,LINC02019,4.169,-0.446
C.21,GSE68719 (Prefrontal Cortex),Healthy Control,ADAM33,3.897,-0.8
C.21,GSE68719 (Prefrontal Cortex),Healthy Control,DNAJB1,2.572,-2.029
C.21,GSE68719 (Prefrontal Cortex),Healthy Control,RIPOR3,3.572,-1.106
C.21,GSE68719 (Prefrontal Cortex),Healthy Control,C1QL3,4.483,1.112
C.21,GSE68719 (Prefrontal Cortex),Healthy Control,CELF2-AS1,4.454,1.083
C.21,GSE68719 (Prefrontal Cortex),Healthy Control,CISTR,4.141,0.76
C.21,GSE68719 (Prefrontal Cortex),Healthy Control,SERPINF2,3.507,-1.132
C.21,GSE68719 (Prefrontal Cortex),Healthy Control,SIX5,3.648,-1.047
C.21,GSE68719 (Prefrontal Cortex),Healthy Control,PRELP,3.83,-0.8
C.21,GSE68719 (Prefrontal Cortex),Healthy Control,HSPB1,4.663,-0.384
C.21,GSE68719 (Prefrontal Cortex),Healthy Control,MT1A,4.344,-0.59
C.21,GSE68719 (Prefrontal Cortex),Healthy Control,SMTN,3.846,-0.734
C.21,GSE68719 (Prefrontal Cortex),Healthy Control,LINC02019,3.7,-0.972
C.22,GSE68719 (Prefrontal Cortex),Healthy Control,ADAM33,2.961,-1.631
C.22,GSE68719 (Prefrontal Cortex),Healthy Control,DNAJB1,3.896,-0.725
C.22,GSE68719 (Prefrontal Cortex),Healthy Control,RIPOR3,4.448,-0.351
C.22,GSE68719 (Prefrontal Cortex),Healthy Control,C1QL3,3.34,0.399
C.22,GSE68719 (Prefrontal Cortex),Healthy Control,CELF2-AS1,4.555,1.172
C.22,GSE68719 (Prefrontal Cortex),Healthy Control,CISTR,4.256,0.885
C.22,GSE68719 (Prefrontal Cortex),Healthy Control,SERPINF2,3.802,-0.857
C.22,GSE68719 (Prefrontal Cortex),Healthy Control,SIX5,4.156,-0.525
C.22,GSE68719 (Prefrontal Cortex),Healthy Control,PRELP,4.03,-0.605
C.22,GSE68719 (Prefrontal Cortex),Healthy Control,HSPB1,4.415,-0.539
C.22,GSE68719 (Prefrontal Cortex),Healthy Control,MT1A,4.496,-0.487
C.22,GSE68719 (Prefrontal Cortex),Healthy Control,SMTN,4.39,-0.332
C.22,GSE68719 (Prefrontal Cortex),Healthy Control,LINC02019,4.41,-0.175
C.23,GSE68719 (Prefrontal Cortex),Healthy Control,ADAM33,3.827,-0.862
C.23,GSE68719 (Prefrontal Cortex),Healthy Control,DNAJB1,3.616,-1.001
C.23,GSE68719 (Prefrontal Cortex),Healthy Control,RIPOR3,4.209,-0.557
C.23,GSE68719 (Prefrontal Cortex),Healthy Control,C1QL3,4.045,0.839
C.23,GSE68719 (Prefrontal Cortex),Healthy Control,CELF2-AS1,4.563,1.179
C.23,GSE68719 (Prefrontal Cortex),Healthy Control,CISTR,4.494,1.143
C.23,GSE68719 (Prefrontal Cortex),Healthy Control,SERPINF2,4.077,-0.601
C.23,GSE68719 (Prefrontal Cortex),Healthy Control,SIX5,3.757,-0.935
C.23,GSE68719 (Prefrontal Cortex),Healthy Control,PRELP,3.301,-1.316
C.23,GSE68719 (Prefrontal Cortex),Healthy Control,HSPB1,3.712,-0.981
C.23,GSE68719 (Prefrontal Cortex),Healthy Control,MT1A,3.716,-1.016
C.23,GSE68719 (Prefrontal Cortex),Healthy Control,SMTN,3.636,-0.889
C.23,GSE68719 (Prefrontal Cortex),Healthy Control,LINC02019,3.718,-0.952
C.24,GSE68719 (Prefrontal Cortex),Healthy Control,ADAM33,4.353,-0.395
C.24,GSE68719 (Prefrontal Cortex),Healthy Control,DNAJB1,3.715,-0.904
C.24,GSE68719 (Prefrontal Cortex),Healthy Control,RIPOR3,3.927,-0.8
C.24,GSE68719 (Prefrontal Cortex),Healthy Control,C1QL3,3.9,0.749
C.24,GSE68719 (Prefrontal Cortex),Healthy Control,CELF2-AS1,3.978,0.663
C.24,GSE68719 (Prefrontal Cortex),Healthy Control,CISTR,4.06,0.673
C.24,GSE68719 (Prefrontal Cortex),Healthy Control,SERPINF2,3.543,-1.099
C.24,GSE68719 (Prefrontal Cortex),Healthy Control,SIX5,4.502,-0.169
C.24,GSE68719 (Prefrontal Cortex),Healthy Control,PRELP,4.253,-0.387
C.24,GSE68719 (Prefrontal Cortex),Healthy Control,HSPB1,4.814,-0.289
C.24,GSE68719 (Prefrontal Cortex),Healthy Control,MT1A,3.893,-0.896
C.24,GSE68719 (Prefrontal Cortex),Healthy Control,SMTN,3.587,-0.925
C.24,GSE68719 (Prefrontal Cortex),Healthy Control,LINC02019,3.868,-0.784
C.25,GSE68719 (Prefrontal Cortex),Healthy Control,ADAM33,4.122,-0.601
C.25,GSE68719 (Prefrontal Cortex),Healthy Control,DNAJB1,3.742,-0.877
C.25,GSE68719 (Prefrontal Cortex),Healthy Control,RIPOR3,3.687,-1.007
C.25,GSE68719 (Prefrontal Cortex),Healthy Control,C1QL3,3.786,0.678
C.25,GSE68719 (Prefrontal Cortex),Healthy Control,CELF2-AS1,3.716,0.432
C.25,GSE68719 (Prefrontal Cortex),Healthy Control,CISTR,4.231,0.858
C.25,GSE68719 (Prefrontal Cortex),Healthy Control,SERPINF2,3.375,-1.255
C.25,GSE68719 (Prefrontal Cortex),Healthy Control,SIX5,3.806,-0.885
C.25,GSE68719 (Prefrontal Cortex),Healthy Control,PRELP,4.265,-0.375
C.25,GSE68719 (Prefrontal Cortex),Healthy Control,HSPB1,4.429,-0.531
C.25,GSE68719 (Prefrontal Cortex),Healthy Control,MT1A,4.534,-0.462
C.25,GSE68719 (Prefrontal Cortex),Healthy Control,SMTN,4.001,-0.619
C.25,GSE68719 (Prefrontal Cortex),Healthy Control,LINC02019,3.299,-1.423
C.26,GSE68719 (Prefrontal Cortex),Healthy Control,ADAM33,4.376,-0.375
C.26,GSE68719 (Prefrontal Cortex),Healthy Control,DNAJB1,4.502,-0.129
C.26,GSE68719 (Prefrontal Cortex),Healthy Control,RIPOR3,3.987,-0.748
C.26,GSE68719 (Prefrontal Cortex),Healthy Control,C1QL3,4.955,1.407
C.26,GSE68719 (Prefrontal Cortex),Healthy Control,CELF2-AS1,3.826,0.529
C.26,GSE68719 (Prefrontal Cortex),Healthy Control,CISTR,3.832,0.425
C.26,GSE68719 (Prefrontal Cortex),Healthy Control,SERPINF2,3.998,-0.675
C.26,GSE68719 (Prefrontal Cortex),Healthy Control,SIX5,3.471,-1.229
C.26,GSE68719 (Prefrontal Cortex),Healthy Control,PRELP,3.502,-1.12
C.26,GSE68719 (Prefrontal Cortex),Healthy Control,HSPB1,4.161,-0.699
C.26,GSE68719 (Prefrontal Cortex),Healthy Control,MT1A,3.569,-1.115
C.26,GSE68719 (Prefrontal Cortex),Healthy Control,SMTN,3.616,-0.904
C.26,GSE68719 (Prefrontal Cortex),Healthy Control,LINC02019,3.801,-0.859
C.27,GSE68719 (Prefrontal Cortex),Healthy Control,ADAM33,3.493,-1.159
C.27,GSE68719 (Prefrontal Cortex),Healthy Control,DNAJB1,3.692,-0.926
C.27,GSE68719 (Prefrontal Cortex),Healthy Control,RIPOR3,2.874,-1.708
C.27,GSE68719 (Prefrontal Cortex),Healthy Control,C1QL3,3.966,0.79
C.27,GSE68719 (Prefrontal Cortex),Healthy Control,CELF2-AS1,4.127,0.794
C.27,GSE68719 (Prefrontal Cortex),Healthy Control,CISTR,4.067,0.68
C.27,GSE68719 (Prefrontal Cortex),Healthy Control,SERPINF2,4.153,-0.53
C.27,GSE68719 (Prefrontal Cortex),Healthy Control,SIX5,4.283,-0.394
C.27,GSE68719 (Prefrontal Cortex),Healthy Control,PRELP,5.087,0.428
C.27,GSE68719 (Prefrontal Cortex),Healthy Control,HSPB1,3.385,-1.187
C.27,GSE68719 (Prefrontal Cortex),Healthy Control,MT1A,3.486,-1.171
C.27,GSE68719 (Prefrontal Cortex),Healthy Control,SMTN,4.116,-0.534
C.27,GSE68719 (Prefrontal Cortex),Healthy Control,LINC02019,3.843,-0.812
C.28,GSE68719 (Prefrontal Cortex),Healthy Control,ADAM33,4.466,-0.295
C.28,GSE68719 (Prefrontal Cortex),Healthy Control,DNAJB1,3.645,-0.973
C.28,GSE68719 (Prefrontal Cortex),Healthy Control,RIPOR3,3.405,-1.25
C.28,GSE68719 (Prefrontal Cortex),Healthy Control,C1QL3,3.722,0.638
C.28,GSE68719 (Prefrontal Cortex),Healthy Control,CELF2-AS1,3.604,0.333
C.28,GSE68719 (Prefrontal Cortex),Healthy Control,CISTR,3.545,0.114
C.28,GSE68719 (Prefrontal Cortex),Healthy Control,SERPINF2,3.975,-0.696
C.28,GSE68719 (Prefrontal Cortex),Healthy Control,SIX5,4.171,-0.509
C.28,GSE68719 (Prefrontal Cortex),Healthy Control,PRELP,4.297,-0.344
C.28,GSE68719 (Prefrontal Cortex),Healthy Control,HSPB1,4.065,-0.759
C.28,GSE68719 (Prefrontal Cortex),Healthy Control,MT1A,3.888,-0.899
C.28,GSE68719 (Prefrontal Cortex),Healthy Control,SMTN,4.538,-0.222
C.28,GSE68719 (Prefrontal Cortex),Healthy Control,LINC02019,3.534,-1.159
C.29,GSE68719 (Prefrontal Cortex),Healthy Control,ADAM33,3.552,-1.107
C.29,GSE68719 (Prefrontal Cortex),Healthy Control,DNAJB1,3.817,-0.803
C.29,GSE68719 (Prefrontal Cortex),Healthy Control,RIPOR3,4.133,-0.623
C.29,GSE68719 (Prefrontal Cortex),Healthy Control,C1QL3,4.324,1.013
C.29,GSE68719 (Prefrontal Cortex),Healthy Control,CELF2-AS1,4.419,1.052
C.29,GSE68719 (Prefrontal Cortex),Healthy Control,CISTR,4.224,0.85
C.29,GSE68719 (Prefrontal Cortex),Healthy Control,SERPINF2,4.347,-0.35
C.29,GSE68719 (Prefrontal Cortex),Healthy Control,SIX5,4.252,-0.426
C.29,GSE68719 (Prefrontal Cortex),Healthy Control,PRELP,4.202,-0.437
C.29,GSE68719 (Prefrontal Cortex),Healthy Control,HSPB1,3.446,-1.148
C.29,GSE68719 (Prefrontal Cortex),Healthy Control,MT1A,4.462,-0.51
C.29,GSE68719 (Prefrontal Cortex),Healthy Control,SMTN,2.936,-1.407
C.29,GSE68719 (Prefrontal Cortex),Healthy Control,LINC02019,3.367,-1.346
C.30,GSE68719 (Prefrontal Cortex),Healthy Control,ADAM33,4.151,-0.575
C.30,GSE68719 (Prefrontal Cortex),Healthy Control,DNAJB1,3.969,-0.653
C.30,GSE68719 (Prefrontal Cortex),Healthy Control,RIPOR3,4.484,-0.32
C.30,GSE68719 (Prefrontal Cortex),Healthy Control,C1QL3,4.546,1.152
C.30,GSE68719 (Prefrontal Cortex),Healthy Control,CELF2-AS1,4.023,0.703
C.30,GSE68719 (Prefrontal Cortex),Healthy Control,CISTR,4.357,0.995
C.30,GSE68719 (Prefrontal Cortex),Healthy Control,SERPINF2,4.05,-0.626
C.30,GSE68719 (Prefrontal Cortex),Healthy Control,SIX5,3.385,-1.317
C.30,GSE68719 (Prefrontal Cortex),Healthy Control,PRELP,4.138,-0.499
C.30,GSE68719 (Prefrontal Cortex),Healthy Control,HSPB1,4.672,-0.378
C.30,GSE68719 (Prefrontal Cortex),Healthy Control,MT1A,4.319,-0.607
C.30,GSE68719 (Prefrontal Cortex),Healthy Control,SMTN,3.941,-0.663
C.30,GSE68719 (Prefrontal Cortex),Healthy Control,LINC02019,3.737,-0.931
C.31,GSE68719 (Prefrontal Cortex),Healthy Control,ADAM33,3.288,-1.341
C.31,GSE68719 (Prefrontal Cortex),Healthy Control,DNAJB1,4.286,-0.341
C.31,GSE68719 (Prefrontal Cortex),Healthy Control,RIPOR3,5.378,0.45
C.31,GSE68719 (Prefrontal Cortex),Healthy Control,C1QL3,3.853,0.719
C.31,GSE68719 (Prefrontal Cortex),Healthy Control,CELF2-AS1,4.193,0.853
C.31,GSE68719 (Prefrontal Cortex),Healthy Control,CISTR,3.781,0.37
C.31,GSE68719 (Prefrontal Cortex),Healthy Control,SERPINF2,3.552,-1.09
C.31,GSE68719 (Prefrontal Cortex),Healthy Control,SIX5,4.066,-0.617
C.31,GSE68719 (Prefrontal Cortex),Healthy Control,PRELP,4.558,-0.089
C.31,GSE68719 (Prefrontal Cortex),Healthy Control,HSPB1,3.753,-0.955
C.31,GSE68719 (Prefrontal Cortex),Healthy Control,MT1A,4.267,-0.642
C.31,GSE68719 (Prefrontal Cortex),Healthy Control,SMTN,2.875,-1.452
C.31,GSE68719 (Prefrontal Cortex),Healthy Control,LINC02019,4.054,-0.575
C.32,GSE68719 (Prefrontal Cortex),Healthy Control,ADAM33,4.138,-0.586
C.32,GSE68719 (Prefrontal Cortex),Healthy Control,DNAJB1,4.472,-0.158
C.32,GSE68719 (Prefrontal Cortex),Healthy Control,RIPOR3,4.808,-0.041
C.32,GSE68719 (Prefrontal Cortex),Healthy Control,C1QL3,3.712,0.631
C.32,GSE68719 (Prefrontal Cortex),Healthy Control,CELF2-AS1,4.599,1.211
C.32,GSE68719 (Prefrontal Cortex),Healthy Control,CISTR,3.529,0.097
C.32,GSE68719 (Prefrontal Cortex),Healthy Control,SERPINF2,4.478,-0.228
C.32,GSE68719 (Prefrontal Cortex),Healthy Control,SIX5,3.598,-1.099
C.32,GSE68719 (Prefrontal Cortex),Healthy Control,PRELP,3.062,-1.55
C.32,GSE68719 (Prefrontal Cortex),Healthy Control,HSPB1,4.282,-0.623
C.32,GSE68719 (Prefrontal Cortex),Healthy Control,MT1A,3.865,-0.915
C.32,GSE68719 (Prefrontal Cortex),Healthy Control,SMTN,4.055,-0.579
C.32,GSE68719 (Prefrontal Cortex),Healthy Control,LINC02019,3.759,-0.906
C.33,GSE68719 (Prefrontal Cortex),Healthy Control,ADAM33,4.304,-0.439
C.33,GSE68719 (Prefrontal Cortex),Healthy Control,DNAJB1,3.714,-0.905
C.33,GSE68719 (Prefrontal Cortex),Healthy Control,RIPOR3,4.031,-0.711
C.33,GSE68719 (Prefrontal Cortex),Healthy Control,C1QL3,4.772,1.293
C.33,GSE68719 (Prefrontal Cortex),Healthy Control,CELF2-AS1,4.083,0.755
C.33,GSE68719 (Prefrontal Cortex),Healthy Control,CISTR,3.521,0.088
C.33,GSE68719 (Prefrontal Cortex),Healthy Control,SERPINF2,5.111,0.362
C.33,GSE68719 (Prefrontal Cortex),Healthy Control,SIX5,4.42,-0.254
C.33,GSE68719 (Prefrontal Cortex),Healthy Control,PRELP,3.926,-0.706
C.33,GSE68719 (Prefrontal Cortex),Healthy Control,HSPB1,4.948,-0.204
C.33,GSE68719 (Prefrontal Cortex),Healthy Control,MT1A,3.847,-0.927
C.33,GSE68719 (Prefrontal Cortex),Healthy Control,SMTN,3.274,-1.157
C.33,GSE68719 (Prefrontal Cortex),Healthy Control,LINC02019,4.37,-0.22
C.34,GSE68719 (Prefrontal Cortex),Healthy Control,ADAM33,3.022,-1.577
C.34,GSE68719 (Prefrontal Cortex),Healthy Control,DNAJB1,4.2,-0.426
C.34,GSE68719 (Prefrontal Cortex),Healthy Control,RIPOR3,4.704,-0.13
C.34,GSE68719 (Prefrontal Cortex),Healthy Control,C1QL3,3.913,0.757
C.34,GSE68719 (Prefrontal Cortex),Healthy Control,CELF2-AS1,4.031,0.71
C.34,GSE68719 (Prefrontal Cortex),Healthy Control,CISTR,3.489,0.053
C.34,GSE68719 (Prefrontal Cortex),Healthy Control,SERPINF2,4.038,-0.638
C.34,GSE68719 (Prefrontal Cortex),Healthy Control,SIX5,4.419,-0.255
C.34,GSE68719 (Prefrontal Cortex),Healthy Control,PRELP,3.739,-0.889
C.34,GSE68719 (Prefrontal Cortex),Healthy Control,HSPB1,4.301,-0.611
C.34,GSE68719 (Prefrontal Cortex),Healthy Control,MT1A,4.092,-0.761
C.34,GSE68719 (Prefrontal Cortex),Healthy Control,SMTN,3.247,-1.177
C.34,GSE68719 (Prefrontal Cortex),Healthy Control,LINC02019,3.069,-1.681
C.35,GSE68719 (Prefrontal Cortex),Healthy Control,ADAM33,3.858,-0.835
C.35,GSE68719 (Prefrontal Cortex),Healthy Control,DNAJB1,4.659,0.026
C.35,GSE68719 (Prefrontal Cortex),Healthy Control,RIPOR3,4.499,-0.307
C.35,GSE68719 (Prefrontal Cortex),Healthy Control,C1QL3,3.604,0.564
C.35,GSE68719 (Prefrontal Cortex),Healthy Control,CELF2-AS1,3.635,0.36
C.35,GSE68719 (Prefrontal Cortex),Healthy Control,CISTR,4.041,0.652
C.35,GSE68719 (Prefrontal Cortex),Healthy Control,SERPINF2,3.448,-1.187
C.35,GSE68719 (Prefrontal Cortex),Healthy Control,SIX5,3.151,-1.558
C.35,GSE68719 (Prefrontal Cortex),Healthy Control,PRELP,3.75,-0.878
C.35,GSE68719 (Prefrontal Cortex),Healthy Control,HSPB1,3.533,-1.094
C.35,GSE68719 (Prefrontal Cortex),Healthy Control,MT1A,3.716,-1.016
C.35,GSE68719 (Prefrontal Cortex),Healthy Control,SMTN,3.681,-0.856
C.35,GSE68719 (Prefrontal Cortex),Healthy Control,LINC02019,3.406,-1.303
C.36,GSE68719 (Prefrontal Cortex),Healthy Control,ADAM33,3.239,-1.385
C.36,GSE68719 (Prefrontal Cortex),Healthy Control,DNAJB1,3.735,-0.884
C.36,GSE68719 (Prefrontal Cortex),Healthy Control,RIPOR3,3.918,-0.808
C.36,GSE68719 (Prefrontal Cortex),Healthy Control,C1QL3,3.61,0.568
C.36,GSE68719 (Prefrontal Cortex),Healthy Control,CELF2-AS1,4.855,1.437
C.36,GSE68719 (Prefrontal Cortex),Healthy Control,CISTR,4.749,1.42
C.36,GSE68719 (Prefrontal Cortex),Healthy Control,SERPINF2,3.997,-0.676
C.36,GSE68719 (Prefrontal Cortex),Healthy Control,SIX5,3.721,-0.972
C.36,GSE68719 (Prefrontal Cortex),Healthy Control,PRELP,3.779,-0.85
C.36,GSE68719 (Prefrontal Cortex),Healthy Control,HSPB1,3.891,-0.869
C.36,GSE68719 (Prefrontal Cortex),Healthy Control,MT1A,3.177,-1.381
C.36,GSE68719 (Prefrontal Cortex),Healthy Control,SMTN,4.882,0.032
C.36,GSE68719 (Prefrontal Cortex),Healthy Control,LINC02019,3.896,-0.752
C.37,GSE68719 (Prefrontal Cortex),Healthy Control,ADAM33,4.151,-0.575
C.37,GSE68719 (Prefrontal Cortex),Healthy Control,DNAJB1,3.615,-1.002
C.37,GSE68719 (Prefrontal Cortex),Healthy Control,RIPOR3,3.483,-1.183
C.37,GSE68719 (Prefrontal Cortex),Healthy Control,C1QL3,4.142,0.9
C.37,GSE68719 (Prefrontal Cortex),Healthy Control,CELF2-AS1,3.581,0.312
C.37,GSE68719 (Prefrontal Cortex),Healthy Control,CISTR,4.645,1.307
C.37,GSE68719 (Prefrontal Cortex),Healthy Control,SERPINF2,4.848,0.117
C.37,GSE68719 (Prefrontal Cortex),Healthy Control,SIX5,4.577,-0.092
C.37,GSE68719 (Prefrontal Cortex),Healthy Control,PRELP,4.043,-0.592
C.37,GSE68719 (Prefrontal Cortex),Healthy Control,HSPB1,3.812,-0.918
C.37,GSE68719 (Prefrontal Cortex),Healthy Control,MT1A,3.526,-1.144
C.37,GSE68719 (Prefrontal Cortex),Healthy Control,SMTN,2.643,-1.623
C.37,GSE68719 (Prefrontal Cortex),Healthy Control,LINC02019,4.973,0.457
C.38,GSE68719 (Prefrontal Cortex),Healthy Control,ADAM33,3.627,-1.04
C.38,GSE68719 (Prefrontal Cortex),Healthy Control,DNAJB1,4.189,-0.437
C.38,GSE68719 (Prefrontal Cortex),Healthy Control,RIPOR3,4.106,-0.646
C.38,GSE68719 (Prefrontal Cortex),Healthy Control,C1QL3,4.145,0.902
C.38,GSE68719 (Prefrontal Cortex),Healthy Control,CELF2-AS1,4.196,0.855
C.38,GSE68719 (Prefrontal Cortex),Healthy Control,CISTR,4.364,1.002
C.38,GSE68719 (Prefrontal Cortex),Healthy Control,SERPINF2,3.4,-1.232
C.38,GSE68719 (Prefrontal Cortex),Healthy Control,SIX5,4.29,-0.387
C.38,GSE68719 (Prefrontal Cortex),Healthy Control,PRELP,4.818,0.165
C.38,GSE68719 (Prefrontal Cortex),Healthy Control,HSPB1,3.488,-1.122
C.38,GSE68719 (Prefrontal Cortex),Healthy Control,MT1A,3.567,-1.116
C.38,GSE68719 (Prefrontal Cortex),Healthy Control,SMTN,3.87,-0.716
C.38,GSE68719 (Prefrontal Cortex),Healthy Control,LINC02019,3.644,-1.035
C.39,GSE68719 (Prefrontal Cortex),Healthy Control,ADAM33,4.571,-0.202
C.39,GSE68719 (Prefrontal Cortex),Healthy Control,DNAJB1,3.884,-0.737
C.39,GSE68719 (Prefrontal Cortex),Healthy Control,RIPOR3,3.856,-0.861
C.39,GSE68719 (Prefrontal Cortex),Healthy Control,C1QL3,3.752,0.656
C.39,GSE68719 (Prefrontal Cortex),Healthy Control,CELF2-AS1,4.467,1.094
C.39,GSE68719 (Prefrontal Cortex),Healthy Control,CISTR,3.536,0.104
C.39,GSE68719 (Prefrontal Cortex),Healthy Control,SERPINF2,4.198,-0.489
C.39,GSE68719 (Prefrontal Cortex),Healthy Control,SIX5,3.432,-1.269
C.39,GSE68719 (Prefrontal Cortex),Healthy Control,PRELP,3.748,-0.88
C.39,GSE68719 (Prefrontal Cortex),Healthy Control,HSPB1,4.224,-0.659
C.39,GSE68719 (Prefrontal Cortex),Healthy Control,MT1A,3.873,-0.909
C.39,GSE68719 (Prefrontal Cortex),Healthy Control,SMTN,5.196,0.264
C.39,GSE68719 (Prefrontal Cortex),Healthy Control,LINC02019,4.464,-0.115
C.40,GSE68719 (Prefrontal Cortex),Healthy Control,ADAM33,3.679,-0.994
C.40,GSE68719 (Prefrontal Cortex),Healthy Control,DNAJB1,4.293,-0.334
C.40,GSE68719 (Prefrontal Cortex),Healthy Control,RIPOR3,2.941,-1.65
C.40,GSE68719 (Prefrontal Cortex),Healthy Control,C1QL3,3.618,0.573
C.40,GSE68719 (Prefrontal Cortex),Healthy Control,CELF2-AS1,4.126,0.793
C.40,GSE68719 (Prefrontal Cortex),Healthy Control,CISTR,3.847,0.442
C.40,GSE68719 (Prefrontal Cortex),Healthy Control,SERPINF2,3.404,-1.228
C.40,GSE68719 (Prefrontal Cortex),Healthy Control,SIX5,4.335,-0.341
C.40,GSE68719 (Prefrontal Cortex),Healthy Control,PRELP,3.626,-0.999
C.40,GSE68719 (Prefrontal Cortex),Healthy Control,HSPB1,3.769,-0.945
C.40,GSE68719 (Prefrontal Cortex),Healthy Control,MT1A,3.304,-1.295
C.40,GSE68719 (Prefrontal Cortex),Healthy Control,SMTN,3.949,-0.658
C.40,GSE68719 (Prefrontal Cortex),Healthy Control,LINC02019,3.364,-1.35
C.41,GSE68719 (Prefrontal Cortex),Healthy Control,ADAM33,4.536,-0.233
C.41,GSE68719 (Prefrontal Cortex),Healthy Control,DNAJB1,4.27,-0.357
C.41,GSE68719 (Prefrontal Cortex),Healthy Control,RIPOR3,3.872,-0.848
C.41,GSE68719 (Prefrontal Cortex),Healthy Control,C1QL3,3.422,0.45
C.41,GSE68719 (Prefrontal Cortex),Healthy Control,CELF2-AS1,3.928,0.619
C.41,GSE68719 (Prefrontal Cortex),Healthy Control,CISTR,3.481,0.045
C.41,GSE68719 (Prefrontal Cortex),Healthy Control,SERPINF2,3.712,-0.941
C.41,GSE68719 (Prefrontal Cortex),Healthy Control,SIX5,4.515,-0.156
C.41,GSE68719 (Prefrontal Cortex),Healthy Control,PRELP,3.55,-1.073
C.41,GSE68719 (Prefrontal Cortex),Healthy Control,HSPB1,3.727,-0.972
C.41,GSE68719 (Prefrontal Cortex),Healthy Control,MT1A,4.367,-0.575
C.41,GSE68719 (Prefrontal Cortex),Healthy Control,SMTN,3.598,-0.917
C.41,GSE68719 (Prefrontal Cortex),Healthy Control,LINC02019,4.948,0.429
C.42,GSE68719 (Prefrontal Cortex),Healthy Control,ADAM33,4.843,0.04
C.42,GSE68719 (Prefrontal Cortex),Healthy Control,DNAJB1,3.922,-0.7
C.42,GSE68719 (Prefrontal Cortex),Healthy Control,RIPOR3,3.076,-1.534
C.42,GSE68719 (Prefrontal Cortex),Healthy Control,C1QL3,3.583,0.551
C.42,GSE68719 (Prefrontal Cortex),Healthy Control,CELF2-AS1,3.847,0.547
C.42,GSE68719 (Prefrontal Cortex),Healthy Control,CISTR,3.514,0.08
C.42,GSE68719 (Prefrontal Cortex),Healthy Control,SERPINF2,3.654,-0.995
C.42,GSE68719 (Prefrontal Cortex),Healthy Control,SIX5,3.826,-0.864
C.42,GSE68719 (Prefrontal Cortex),Healthy Control,PRELP,3.056,-1.556
C.42,GSE68719 (Prefrontal Cortex),Healthy Control,HSPB1,3.714,-0.98
C.42,GSE68719 (Prefrontal Cortex),Healthy Control,MT1A,4.012,-0.815
C.42,GSE68719 (Prefrontal Cortex),Healthy Control,SMTN,3.19,-1.219
C.42,GSE68719 (Prefrontal Cortex),Healthy Control,LINC02019,4.25,-0.355
C.43,GSE68719 (Prefrontal Cortex),Healthy Control,ADAM33,3.868,-0.826
C.43,GSE68719 (Prefrontal Cortex),Healthy Control,DNAJB1,4.333,-0.295
C.43,GSE68719 (Prefrontal Cortex),Healthy Control,RIPOR3,3.5,-1.168
C.43,GSE68719 (Prefrontal Cortex),Healthy Control,C1QL3,3.622,0.575
C.43,GSE68719 (Prefrontal Cortex),Healthy Control,CELF2-AS1,4.732,1.328
C.43,GSE68719 (Prefrontal Cortex),Healthy Control,CISTR,4.273,0.904
C.43,GSE68719 (Prefrontal Cortex),Healthy Control,SERPINF2,4.712,-0.01
C.43,GSE68719 (Prefrontal Cortex),Healthy Control,SIX5,4.697,0.031
C.43,GSE68719 (Prefrontal Cortex),Healthy Control,PRELP,3.566,-1.058
C.43,GSE68719 (Prefrontal Cortex),Healthy Control,HSPB1,3.577,-1.066
C.43,GSE68719 (Prefrontal Cortex),Healthy Control,MT1A,4.182,-0.7
C.43,GSE68719 (Prefrontal Cortex),Healthy Control,SMTN,4.073,-0.566
C.43,GSE68719 (Prefrontal Cortex),Healthy Control,LINC02019,3.812,-0.847
C.44,GSE68719 (Prefrontal Cortex),Healthy Control,ADAM33,3.202,-1.417
C.44,GSE68719 (Prefrontal Cortex),Healthy Control,DNAJB1,3.971,-0.652
C.44,GSE68719 (Prefrontal Cortex),Healthy Control,RIPOR3,4.391,-0.4
C.44,GSE68719 (Prefrontal Cortex),Healthy Control,C1QL3,4.251,0.968
C.44,GSE68719 (Prefrontal Cortex),Healthy Control,CELF2-AS1,4.539,1.158
C.44,GSE68719 (Prefrontal Cortex),Healthy Control,CISTR,4.873,1.554
C.44,GSE68719 (Prefrontal Cortex),Healthy Control,SERPINF2,3.368,-1.262
C.44,GSE68719 (Prefrontal Cortex),Healthy Control,SIX5,4.124,-0.558
C.44,GSE68719 (Prefrontal Cortex),Healthy Control,PRELP,3.282,-1.335
C.44,GSE68719 (Prefrontal Cortex),Healthy Control,HSPB1,3.361,-1.202
C.44,GSE68719 (Prefrontal Cortex),Healthy Control,MT1A,5.012,-0.138
C.44,GSE68719 (Prefrontal Cortex),Healthy Control,SMTN,4.498,-0.252
C.44,GSE68719 (Prefrontal Cortex),Healthy Control,LINC02019,4.621,0.062
T.1,GSE68719 (Prefrontal Cortex),Parkinson Disease,ADAM33,5.795,0.885
T.1,GSE68719 (Prefrontal Cortex),Parkinson Disease,DNAJB1,4.85,0.214
T.1,GSE68719 (Prefrontal Cortex),Parkinson Disease,RIPOR3,6.596,1.5
T.1,GSE68719 (Prefrontal Cortex),Parkinson Disease,C1QL3,0.843,-1.159
T.1,GSE68719 (Prefrontal Cortex),Parkinson Disease,CELF2-AS1,1.298,-1.703
T.1,GSE68719 (Prefrontal Cortex),Parkinson Disease,CISTR,3.12,-0.347
T.1,GSE68719 (Prefrontal Cortex),Parkinson Disease,SERPINF2,5.638,0.853
T.1,GSE68719 (Prefrontal Cortex),Parkinson Disease,SIX5,5.897,1.265
T.1,GSE68719 (Prefrontal Cortex),Parkinson Disease,PRELP,5.18,0.518
T.1,GSE68719 (Prefrontal Cortex),Parkinson Disease,HSPB1,7.377,1.322
T.1,GSE68719 (Prefrontal Cortex),Parkinson Disease,MT1A,6.614,0.947
T.1,GSE68719 (Prefrontal Cortex),Parkinson Disease,SMTN,6.294,1.076
T.1,GSE68719 (Prefrontal Cortex),Parkinson Disease,LINC02019,4.384,-0.205
T.2,GSE68719 (Prefrontal Cortex),Parkinson Disease,ADAM33,5.996,1.063
T.2,GSE68719 (Prefrontal Cortex),Parkinson Disease,DNAJB1,6.233,1.576
T.2,GSE68719 (Prefrontal Cortex),Parkinson Disease,RIPOR3,6.925,1.784
T.2,GSE68719 (Prefrontal Cortex),Parkinson Disease,C1QL3,0.231,-1.541
T.2,GSE68719 (Prefrontal Cortex),Parkinson Disease,CELF2-AS1,2.23,-0.88
T.2,GSE68719 (Prefrontal Cortex),Parkinson Disease,CISTR,2.074,-1.481
T.2,GSE68719 (Prefrontal Cortex),Parkinson Disease,SERPINF2,5.654,0.868
T.2,GSE68719 (Prefrontal Cortex),Parkinson Disease,SIX5,5.842,1.208
T.2,GSE68719 (Prefrontal Cortex),Parkinson Disease,PRELP,6.17,1.485
T.2,GSE68719 (Prefrontal Cortex),Parkinson Disease,HSPB1,7.691,1.519
T.2,GSE68719 (Prefrontal Cortex),Parkinson Disease,MT1A,7.073,1.258
T.2,GSE68719 (Prefrontal Cortex),Parkinson Disease,SMTN,5.989,0.851
T.2,GSE68719 (Prefrontal Cortex),Parkinson Disease,LINC02019,5.184,0.694
T.3,GSE68719 (Prefrontal Cortex),Parkinson Disease,ADAM33,6.391,1.414
T.3,GSE68719 (Prefrontal Cortex),Parkinson Disease,DNAJB1,5.243,0.601
T.3,GSE68719 (Prefrontal Cortex),Parkinson Disease,RIPOR3,5.939,0.934
T.3,GSE68719 (Prefrontal Cortex),Parkinson Disease,C1QL3,0.61,-1.304
T.3,GSE68719 (Prefrontal Cortex),Parkinson Disease,CELF2-AS1,1.907,-1.165
T.3,GSE68719 (Prefrontal Cortex),Parkinson Disease,CISTR,1.698,-1.889
T.3,GSE68719 (Prefrontal Cortex),Parkinson Disease,SERPINF2,5.773,0.979
T.3,GSE68719 (Prefrontal Cortex),Parkinson Disease,SIX5,5.646,1.007
T.3,GSE68719 (Prefrontal Cortex),Parkinson Disease,PRELP,4.894,0.239
T.3,GSE68719 (Prefrontal Cortex),Parkinson Disease,HSPB1,6.974,1.069
T.3,GSE68719 (Prefrontal Cortex),Parkinson Disease,MT1A,7.067,1.254
T.3,GSE68719 (Prefrontal Cortex),Parkinson Disease,SMTN,6.36,1.125
T.3,GSE68719 (Prefrontal Cortex),Parkinson Disease,LINC02019,5.492,1.039
T.4,GSE68719 (Prefrontal Cortex),Parkinson Disease,ADAM33,6.28,1.315
T.4,GSE68719 (Prefrontal Cortex),Parkinson Disease,DNAJB1,6.192,1.535
T.4,GSE68719 (Prefrontal Cortex),Parkinson Disease,RIPOR3,5.416,0.483
T.4,GSE68719 (Prefrontal Cortex),Parkinson Disease,C1QL3,1.012,-1.053
T.4,GSE68719 (Prefrontal Cortex),Parkinson Disease,CELF2-AS1,2.39,-0.739
T.4,GSE68719 (Prefrontal Cortex),Parkinson Disease,CISTR,2.22,-1.323
T.4,GSE68719 (Prefrontal Cortex),Parkinson Disease,SERPINF2,6.777,1.914
T.4,GSE68719 (Prefrontal Cortex),Parkinson Disease,SIX5,5.871,1.238
T.4,GSE68719 (Prefrontal Cortex),Parkinson Disease,PRELP,5.808,1.132
T.4,GSE68719 (Prefrontal Cortex),Parkinson Disease,HSPB1,7.728,1.543
T.4,GSE68719 (Prefrontal Cortex),Parkinson Disease,MT1A,6.0,0.531
T.4,GSE68719 (Prefrontal Cortex),Parkinson Disease,SMTN,5.981,0.845
T.4,GSE68719 (Prefrontal Cortex),Parkinson Disease,LINC02019,6.57,2.25
T.5,GSE68719 (Prefrontal Cortex),Parkinson Disease,ADAM33,5.871,0.952
T.5,GSE68719 (Prefrontal Cortex),Parkinson Disease,DNAJB1,6.063,1.408
T.5,GSE68719 (Prefrontal Cortex),Parkinson Disease,RIPOR3,6.812,1.687
T.5,GSE68719 (Prefrontal Cortex),Parkinson Disease,C1QL3,0.847,-1.156
T.5,GSE68719 (Prefrontal Cortex),Parkinson Disease,CELF2-AS1,1.59,-1.445
T.5,GSE68719 (Prefrontal Cortex),Parkinson Disease,CISTR,3.282,-0.171
T.5,GSE68719 (Prefrontal Cortex),Parkinson Disease,SERPINF2,5.976,1.168
T.5,GSE68719 (Prefrontal Cortex),Parkinson Disease,SIX5,5.211,0.56
T.5,GSE68719 (Prefrontal Cortex),Parkinson Disease,PRELP,5.306,0.641
T.5,GSE68719 (Prefrontal Cortex),Parkinson Disease,HSPB1,6.55,0.802
T.5,GSE68719 (Prefrontal Cortex),Parkinson Disease,MT1A,6.886,1.131
T.5,GSE68719 (Prefrontal Cortex),Parkinson Disease,SMTN,6.847,1.485
T.5,GSE68719 (Prefrontal Cortex),Parkinson Disease,LINC02019,6.51,2.182
T.6,GSE68719 (Prefrontal Cortex),Parkinson Disease,ADAM33,5.27,0.419
T.6,GSE68719 (Prefrontal Cortex),Parkinson Disease,DNAJB1,6.417,1.757
T.6,GSE68719 (Prefrontal Cortex),Parkinson Disease,RIPOR3,5.816,0.828
T.6,GSE68719 (Prefrontal Cortex),Parkinson Disease,C1QL3,1.109,-0.993
T.6,GSE68719 (Prefrontal Cortex),Parkinson Disease,CELF2-AS1,1.515,-1.511
T.6,GSE68719 (Prefrontal Cortex),Parkinson Disease,CISTR,2.448,-1.076
T.6,GSE68719 (Prefrontal Cortex),Parkinson Disease,SERPINF2,5.707,0.917
T.6,GSE68719 (Prefrontal Cortex),Parkinson Disease,SIX5,6.636,2.025
T.6,GSE68719 (Prefrontal Cortex),Parkinson Disease,PRELP,6.127,1.443
T.6,GSE68719 (Prefrontal Cortex),Parkinson Disease,HSPB1,6.84,0.985
T.6,GSE68719 (Prefrontal Cortex),Parkinson Disease,MT1A,7.046,1.24
T.6,GSE68719 (Prefrontal Cortex),Parkinson Disease,SMTN,5.931,0.808
T.6,GSE68719 (Prefrontal Cortex),Parkinson Disease,LINC02019,5.206,0.718
T.7,GSE68719 (Prefrontal Cortex),Parkinson Disease,ADAM33,7.049,1.998
T.7,GSE68719 (Prefrontal Cortex),Parkinson Disease,DNAJB1,6.171,1.515
T.7,GSE68719 (Prefrontal Cortex),Parkinson Disease,RIPOR3,5.729,0.753
T.7,GSE68719 (Prefrontal Cortex),Parkinson Disease,C1QL3,0.949,-1.093
T.7,GSE68719 (Prefrontal Cortex),Parkinson Disease,CELF2-AS1,1.948,-1.129
T.7,GSE68719 (Prefrontal Cortex),Parkinson Disease,CISTR,2.753,-0.745
T.7,GSE68719 (Prefrontal Cortex),Parkinson Disease,SERPINF2,6.1,1.284
T.7,GSE68719 (Prefrontal Cortex),Parkinson Disease,SIX5,5.883,1.25
T.7,GSE68719 (Prefrontal Cortex),Parkinson Disease,PRELP,5.185,0.523
T.7,GSE68719 (Prefrontal Cortex),Parkinson Disease,HSPB1,6.485,0.761
T.7,GSE68719 (Prefrontal Cortex),Parkinson Disease,MT1A,6.787,1.064
T.7,GSE68719 (Prefrontal Cortex),Parkinson Disease,SMTN,6.572,1.282
T.7,GSE68719 (Prefrontal Cortex),Parkinson Disease,LINC02019,5.669,1.238
T.8,GSE68719 (Prefrontal Cortex),Parkinson Disease,ADAM33,6.557,1.561
T.8,GSE68719 (Prefrontal Cortex),Parkinson Disease,DNAJB1,5.731,1.081
T.8,GSE68719 (Prefrontal Cortex),Parkinson Disease,RIPOR3,5.939,0.934
T.8,GSE68719 (Prefrontal Cortex),Parkinson Disease,C1QL3,-0.103,-1.749
T.8,GSE68719 (Prefrontal Cortex),Parkinson Disease,CELF2-AS1,1.629,-1.41
T.8,GSE68719 (Prefrontal Cortex),Parkinson Disease,CISTR,1.881,-1.691
T.8,GSE68719 (Prefrontal Cortex),Parkinson Disease,SERPINF2,6.543,1.696
T.8,GSE68719 (Prefrontal Cortex),Parkinson Disease,SIX5,5.155,0.502
T.8,GSE68719 (Prefrontal Cortex),Parkinson Disease,PRELP,5.808,1.132
T.8,GSE68719 (Prefrontal Cortex),Parkinson Disease,HSPB1,7.6,1.462
T.8,GSE68719 (Prefrontal Cortex),Parkinson Disease,MT1A,7.062,1.25
T.8,GSE68719 (Prefrontal Cortex),Parkinson Disease,SMTN,6.722,1.393
T.8,GSE68719 (Prefrontal Cortex),Parkinson Disease,LINC02019,5.851,1.442
T.9,GSE68719 (Prefrontal Cortex),Parkinson Disease,ADAM33,5.827,0.913
T.9,GSE68719 (Prefrontal Cortex),Parkinson Disease,DNAJB1,5.904,1.252
T.9,GSE68719 (Prefrontal Cortex),Parkinson Disease,RIPOR3,5.676,0.707
T.9,GSE68719 (Prefrontal Cortex),Parkinson Disease,C1QL3,1.289,-0.88
T.9,GSE68719 (Prefrontal Cortex),Parkinson Disease,CELF2-AS1,2.651,-0.508
T.9,GSE68719 (Prefrontal Cortex),Parkinson Disease,CISTR,2.261,-1.278
T.9,GSE68719 (Prefrontal Cortex),Parkinson Disease,SERPINF2,5.796,1.0
T.9,GSE68719 (Prefrontal Cortex),Parkinson Disease,SIX5,5.704,1.066
T.9,GSE68719 (Prefrontal Cortex),Parkinson Disease,PRELP,5.489,0.82
T.9,GSE68719 (Prefrontal Cortex),Parkinson Disease,HSPB1,7.148,1.178
T.9,GSE68719 (Prefrontal Cortex),Parkinson Disease,MT1A,5.848,0.428
T.9,GSE68719 (Prefrontal Cortex),Parkinson Disease,SMTN,6.941,1.555
T.9,GSE68719 (Prefrontal Cortex),Parkinson Disease,LINC02019,5.973,1.579
T.10,GSE68719 (Prefrontal Cortex),Parkinson Disease,ADAM33,6.125,1.178
T.10,GSE68719 (Prefrontal Cortex),Parkinson Disease,DNAJB1,5.771,1.121
T.10,GSE68719 (Prefrontal Cortex),Parkinson Disease,RIPOR3,5.427,0.493
T.10,GSE68719 (Prefrontal Cortex),Parkinson Disease,C1QL3,1.083,-1.009
T.10,GSE68719 (Prefrontal Cortex),Parkinson Disease,CELF2-AS1,1.897,-1.174
T.10,GSE68719 (Prefrontal Cortex),Parkinson Disease,CISTR,2.347,-1.185
T.10,GSE68719 (Prefrontal Cortex),Parkinson Disease,SERPINF2,5.863,1.063
T.10,GSE68719 (Prefrontal Cortex),Parkinson Disease,SIX5,6.755,2.147
T.10,GSE68719 (Prefrontal Cortex),Parkinson Disease,PRELP,5.993,1.312
T.10,GSE68719 (Prefrontal Cortex),Parkinson Disease,HSPB1,7.309,1.279
T.10,GSE68719 (Prefrontal Cortex),Parkinson Disease,MT1A,7.472,1.528
T.10,GSE68719 (Prefrontal Cortex),Parkinson Disease,SMTN,7.183,1.734
T.10,GSE68719 (Prefrontal Cortex),Parkinson Disease,LINC02019,5.419,0.957
T.11,GSE68719 (Prefrontal Cortex),Parkinson Disease,ADAM33,5.926,1.001
T.11,GSE68719 (Prefrontal Cortex),Parkinson Disease,DNAJB1,6.434,1.774
T.11,GSE68719 (Prefrontal Cortex),Parkinson Disease,RIPOR3,6.327,1.269
T.11,GSE68719 (Prefrontal Cortex),Parkinson Disease,C1QL3,0.608,-1.305
T.11,GSE68719 (Prefrontal Cortex),Parkinson Disease,CELF2-AS1,1.757,-1.297
T.11,GSE68719 (Prefrontal Cortex),Parkinson Disease,CISTR,2.437,-1.088
T.11,GSE68719 (Prefrontal Cortex),Parkinson Disease,SERPINF2,6.643,1.789
T.11,GSE68719 (Prefrontal Cortex),Parkinson Disease,SIX5,5.911,1.279
T.11,GSE68719 (Prefrontal Cortex),Parkinson Disease,PRELP,6.009,1.328
T.11,GSE68719 (Prefrontal Cortex),Parkinson Disease,HSPB1,6.669,0.877
T.11,GSE68719 (Prefrontal Cortex),Parkinson Disease,MT1A,6.859,1.113
T.11,GSE68719 (Prefrontal Cortex),Parkinson Disease,SMTN,6.068,0.909
T.11,GSE68719 (Prefrontal Cortex),Parkinson Disease,LINC02019,4.828,0.294
T.12,GSE68719 (Prefrontal Cortex),Parkinson Disease,ADAM33,5.63,0.738
T.12,GSE68719 (Prefrontal Cortex),Parkinson Disease,DNAJB1,5.015,0.376
T.12,GSE68719 (Prefrontal Cortex),Parkinson Disease,RIPOR3,6.77,1.65
T.12,GSE68719 (Prefrontal Cortex),Parkinson Disease,C1QL3,0.569,-1.33
T.12,GSE68719 (Prefrontal Cortex),Parkinson Disease,CELF2-AS1,2.482,-0.658
T.12,GSE68719 (Prefrontal Cortex),Parkinson Disease,CISTR,2.495,-1.025
T.12,GSE68719 (Prefrontal Cortex),Parkinson Disease,SERPINF2,7.145,2.257
T.12,GSE68719 (Prefrontal Cortex),Parkinson Disease,SIX5,4.243,-0.435
T.12,GSE68719 (Prefrontal Cortex),Parkinson Disease,PRELP,6.074,1.391
T.12,GSE68719 (Prefrontal Cortex),Parkinson Disease,HSPB1,7.658,1.499
T.12,GSE68719 (Prefrontal Cortex),Parkinson Disease,MT1A,7.29,1.405
T.12,GSE68719 (Prefrontal Cortex),Parkinson Disease,SMTN,6.51,1.236
T.12,GSE68719 (Prefrontal Cortex),Parkinson Disease,LINC02019,4.713,0.165
T.13,GSE68719 (Prefrontal Cortex),Parkinson Disease,ADAM33,5.24,0.392
T.13,GSE68719 (Prefrontal Cortex),Parkinson Disease,DNAJB1,5.019,0.38
T.13,GSE68719 (Prefrontal Cortex),Parkinson Disease,RIPOR3,6.373,1.308
T.13,GSE68719 (Prefrontal Cortex),Parkinson Disease,C1QL3,-0.37,-1.916
T.13,GSE68719 (Prefrontal Cortex),Parkinson Disease,CELF2-AS1,1.783,-1.274
T.13,GSE68719 (Prefrontal Cortex),Parkinson Disease,CISTR,2.016,-1.544
T.13,GSE68719 (Prefrontal Cortex),Parkinson Disease,SERPINF2,4.636,-0.08
T.13,GSE68719 (Prefrontal Cortex),Parkinson Disease,SIX5,6.254,1.632
T.13,GSE68719 (Prefrontal Cortex),Parkinson Disease,PRELP,5.525,0.855
T.13,GSE68719 (Prefrontal Cortex),Parkinson Disease,HSPB1,6.629,0.852
T.13,GSE68719 (Prefrontal Cortex),Parkinson Disease,MT1A,6.947,1.172
T.13,GSE68719 (Prefrontal Cortex),Parkinson Disease,SMTN,5.44,0.445
T.13,GSE68719 (Prefrontal Cortex),Parkinson Disease,LINC02019,5.336,0.864
T.14,GSE68719 (Prefrontal Cortex),Parkinson Disease,ADAM33,5.673,0.776
T.14,GSE68719 (Prefrontal Cortex),Parkinson Disease,DNAJB1,5.176,0.535
T.14,GSE68719 (Prefrontal Cortex),Parkinson Disease,RIPOR3,5.238,0.33
T.14,GSE68719 (Prefrontal Cortex),Parkinson Disease,C1QL3,0.881,-1.135
T.14,GSE68719 (Prefrontal Cortex),Parkinson Disease,CELF2-AS1,2.18,-0.924
T.14,GSE68719 (Prefrontal Cortex),Parkinson Disease,CISTR,2.56,-0.954
T.14,GSE68719 (Prefrontal Cortex),Parkinson Disease,SERPINF2,5.313,0.55
T.14,GSE68719 (Prefrontal Cortex),Parkinson Disease,SIX5,4.866,0.205
T.14,GSE68719 (Prefrontal Cortex),Parkinson Disease,PRELP,5.168,0.507
T.14,GSE68719 (Prefrontal Cortex),Parkinson Disease,HSPB1,6.922,1.036
T.14,GSE68719 (Prefrontal Cortex),Parkinson Disease,MT1A,7.025,1.225
T.14,GSE68719 (Prefrontal Cortex),Parkinson Disease,SMTN,6.44,1.184
T.14,GSE68719 (Prefrontal Cortex),Parkinson Disease,LINC02019,5.364,0.896
T.15,GSE68719 (Prefrontal Cortex),Parkinson Disease,ADAM33,6.319,1.35
T.15,GSE68719 (Prefrontal Cortex),Parkinson Disease,DNAJB1,6.074,1.419
T.15,GSE68719 (Prefrontal Cortex),Parkinson Disease,RIPOR3,6.827,1.699
T.15,GSE68719 (Prefrontal Cortex),Parkinson Disease,C1QL3,0.666,-1.269
T.15,GSE68719 (Prefrontal Cortex),Parkinson Disease,CELF2-AS1,2.466,-0.672
T.15,GSE68719 (Prefrontal Cortex),Parkinson Disease,CISTR,2.243,-1.298
T.15,GSE68719 (Prefrontal Cortex),Parkinson Disease,SERPINF2,5.352,0.587
T.15,GSE68719 (Prefrontal Cortex),Parkinson Disease,SIX5,5.617,0.977
T.15,GSE68719 (Prefrontal Cortex),Parkinson Disease,PRELP,5.032,0.374
T.15,GSE68719 (Prefrontal Cortex),Parkinson Disease,HSPB1,7.328,1.291
T.15,GSE68719 (Prefrontal Cortex),Parkinson Disease,MT1A,6.83,1.093
T.15,GSE68719 (Prefrontal Cortex),Parkinson Disease,SMTN,6.98,1.584
T.15,GSE68719 (Prefrontal Cortex),Parkinson Disease,LINC02019,5.489,1.036
T.16,GSE68719 (Prefrontal Cortex),Parkinson Disease,ADAM33,6.716,1.703
T.16,GSE68719 (Prefrontal Cortex),Parkinson Disease,DNAJB1,5.879,1.227
T.16,GSE68719 (Prefrontal Cortex),Parkinson Disease,RIPOR3,6.018,1.002
T.16,GSE68719 (Prefrontal Cortex),Parkinson Disease,C1QL3,1.533,-0.728
T.16,GSE68719 (Prefrontal Cortex),Parkinson Disease,CELF2-AS1,1.978,-1.102
T.16,GSE68719 (Prefrontal Cortex),Parkinson Disease,CISTR,2.053,-1.504
T.16,GSE68719 (Prefrontal Cortex),Parkinson Disease,SERPINF2,5.829,1.031
T.16,GSE68719 (Prefrontal Cortex),Parkinson Disease,SIX5,5.211,0.56
T.16,GSE68719 (Prefrontal Cortex),Parkinson Disease,PRELP,5.531,0.861
T.16,GSE68719 (Prefrontal Cortex),Parkinson Disease,HSPB1,7.536,1.422
T.16,GSE68719 (Prefrontal Cortex),Parkinson Disease,MT1A,6.656,0.975
T.16,GSE68719 (Prefrontal Cortex),Parkinson Disease,SMTN,7.467,1.944
T.16,GSE68719 (Prefrontal Cortex),Parkinson Disease,LINC02019,6.546,2.223
T.17,GSE68719 (Prefrontal Cortex),Parkinson Disease,ADAM33,6.656,1.649
T.17,GSE68719 (Prefrontal Cortex),Parkinson Disease,DNAJB1,5.96,1.307
T.17,GSE68719 (Prefrontal Cortex),Parkinson Disease,RIPOR3,5.716,0.742
T.17,GSE68719 (Prefrontal Cortex),Parkinson Disease,C1QL3,0.744,-1.221
T.17,GSE68719 (Prefrontal Cortex),Parkinson Disease,CELF2-AS1,1.281,-1.718
T.17,GSE68719 (Prefrontal Cortex),Parkinson Disease,CISTR,2.834,-0.657
T.17,GSE68719 (Prefrontal Cortex),Parkinson Disease,SERPINF2,5.256,0.497
T.17,GSE68719 (Prefrontal Cortex),Parkinson Disease,SIX5,6.161,1.536
T.17,GSE68719 (Prefrontal Cortex),Parkinson Disease,PRELP,6.436,1.745
T.17,GSE68719 (Prefrontal Cortex),Parkinson Disease,HSPB1,7.03,1.104
T.17,GSE68719 (Prefrontal Cortex),Parkinson Disease,MT1A,7.718,1.695
T.17,GSE68719 (Prefrontal Cortex),Parkinson Disease,SMTN,5.864,0.758
T.17,GSE68719 (Prefrontal Cortex),Parkinson Disease,LINC02019,4.9,0.375
T.18,GSE68719 (Prefrontal Cortex),Parkinson Disease,ADAM33,6.245,1.284
T.18,GSE68719 (Prefrontal Cortex),Parkinson Disease,DNAJB1,5.645,0.997
T.18,GSE68719 (Prefrontal Cortex),Parkinson Disease,RIPOR3,5.884,0.887
T.18,GSE68719 (Prefrontal Cortex),Parkinson Disease,C1QL3,0.664,-1.27
T.18,GSE68719 (Prefrontal Cortex),Parkinson Disease,CELF2-AS1,1.516,-1.51
T.18,GSE68719 (Prefrontal Cortex),Parkinson Disease,CISTR,2.343,-1.19
T.18,GSE68719 (Prefrontal Cortex),Parkinson Disease,SERPINF2,6.219,1.394
T.18,GSE68719 (Prefrontal Cortex),Parkinson Disease,SIX5,6.151,1.526
T.18,GSE68719 (Prefrontal Cortex),Parkinson Disease,PRELP,5.553,0.883
T.18,GSE68719 (Prefrontal Cortex),Parkinson Disease,HSPB1,7.568,1.442
T.18,GSE68719 (Prefrontal Cortex),Parkinson Disease,MT1A,6.661,0.979
T.18,GSE68719 (Prefrontal Cortex),Parkinson Disease,SMTN,6.697,1.374
T.18,GSE68719 (Prefrontal Cortex),Parkinson Disease,LINC02019,5.149,0.654
T.19,GSE68719 (Prefrontal Cortex),Parkinson Disease,ADAM33,5.998,1.065
T.19,GSE68719 (Prefrontal Cortex),Parkinson Disease,DNAJB1,4.968,0.33
T.19,GSE68719 (Prefrontal Cortex),Parkinson Disease,RIPOR3,6.451,1.375
T.19,GSE68719 (Prefrontal Cortex),Parkinson Disease,C1QL3,0.278,-1.511
T.19,GSE68719 (Prefrontal Cortex),Parkinson Disease,CELF2-AS1,2.332,-0.79
T.19,GSE68719 (Prefrontal Cortex),Parkinson Disease,CISTR,3.653,0.231
T.19,GSE68719 (Prefrontal Cortex),Parkinson Disease,SERPINF2,6.175,1.353
T.19,GSE68719 (Prefrontal Cortex),Parkinson Disease,SIX5,5.009,0.352
T.19,GSE68719 (Prefrontal Cortex),Parkinson Disease,PRELP,5.963,1.283
T.19,GSE68719 (Prefrontal Cortex),Parkinson Disease,HSPB1,7.721,1.538
T.19,GSE68719 (Prefrontal Cortex),Parkinson Disease,MT1A,7.286,1.402
T.19,GSE68719 (Prefrontal Cortex),Parkinson Disease,SMTN,6.489,1.22
T.19,GSE68719 (Prefrontal Cortex),Parkinson Disease,LINC02019,5.122,0.624
T.21,GSE68719 (Prefrontal Cortex),Parkinson Disease,ADAM33,6.141,1.192
T.21,GSE68719 (Prefrontal Cortex),Parkinson Disease,DNAJB1,5.193,0.552
T.21,GSE68719 (Prefrontal Cortex),Parkinson Disease,RIPOR3,6.529,1.443
T.21,GSE68719 (Prefrontal Cortex),Parkinson Disease,C1QL3,0.352,-1.465
T.21,GSE68719 (Prefrontal Cortex),Parkinson Disease,CELF2-AS1,2.043,-1.045
T.21,GSE68719 (Prefrontal Cortex),Parkinson Disease,CISTR,3.333,-0.116
T.21,GSE68719 (Prefrontal Cortex),Parkinson Disease,SERPINF2,6.304,1.474
T.21,GSE68719 (Prefrontal Cortex),Parkinson Disease,SIX5,5.846,1.212
T.21,GSE68719 (Prefrontal Cortex),Parkinson Disease,PRELP,6.679,1.982
T.21,GSE68719 (Prefrontal Cortex),Parkinson Disease,HSPB1,7.238,1.235
T.21,GSE68719 (Prefrontal Cortex),Parkinson Disease,MT1A,7.916,1.829
T.21,GSE68719 (Prefrontal Cortex),Parkinson Disease,SMTN,6.151,0.971
T.21,GSE68719 (Prefrontal Cortex),Parkinson Disease,LINC02019,5.531,1.083
T.22,GSE68719 (Prefrontal Cortex),Parkinson Disease,ADAM33,6.789,1.767
T.22,GSE68719 (Prefrontal Cortex),Parkinson Disease,DNAJB1,5.911,1.259
T.22,GSE68719 (Prefrontal Cortex),Parkinson Disease,RIPOR3,5.907,0.906
T.22,GSE68719 (Prefrontal Cortex),Parkinson Disease,C1QL3,1.06,-1.023
T.22,GSE68719 (Prefrontal Cortex),Parkinson Disease,CELF2-AS1,1.476,-1.545
T.22,GSE68719 (Prefrontal Cortex),Parkinson Disease,CISTR,2.214,-1.329
T.22,GSE68719 (Prefrontal Cortex),Parkinson Disease,SERPINF2,5.89,1.088
T.22,GSE68719 (Prefrontal Cortex),Parkinson Disease,SIX5,5.704,1.066
T.22,GSE68719 (Prefrontal Cortex),Parkinson Disease,PRELP,6.214,1.528
T.22,GSE68719 (Prefrontal Cortex),Parkinson Disease,HSPB1,8.02,1.726
T.22,GSE68719 (Prefrontal Cortex),Parkinson Disease,MT1A,7.679,1.668
T.22,GSE68719 (Prefrontal Cortex),Parkinson Disease,SMTN,6.358,1.124
T.22,GSE68719 (Prefrontal Cortex),Parkinson Disease,LINC02019,5.382,0.916
T.23,GSE68719 (Prefrontal Cortex),Parkinson Disease,ADAM33,6.212,1.255
T.23,GSE68719 (Prefrontal Cortex),Parkinson Disease,DNAJB1,5.879,1.227
T.23,GSE68719 (Prefrontal Cortex),Parkinson Disease,RIPOR3,6.17,1.133
T.23,GSE68719 (Prefrontal Cortex),Parkinson Disease,C1QL3,1.252,-0.904
T.23,GSE68719 (Prefrontal Cortex),Parkinson Disease,CELF2-AS1,1.667,-1.377
T.23,GSE68719 (Prefrontal Cortex),Parkinson Disease,CISTR,2.204,-1.34
T.23,GSE68719 (Prefrontal Cortex),Parkinson Disease,SERPINF2,6.851,1.983
T.23,GSE68719 (Prefrontal Cortex),Parkinson Disease,SIX5,5.422,0.777
T.23,GSE68719 (Prefrontal Cortex),Parkinson Disease,PRELP,5.765,1.09
T.23,GSE68719 (Prefrontal Cortex),Parkinson Disease,HSPB1,6.179,0.569
T.23,GSE68719 (Prefrontal Cortex),Parkinson Disease,MT1A,6.485,0.86
T.23,GSE68719 (Prefrontal Cortex),Parkinson Disease,SMTN,5.794,0.707
T.23,GSE68719 (Prefrontal Cortex),Parkinson Disease,LINC02019,5.737,1.314
T.24,GSE68719 (Prefrontal Cortex),Parkinson Disease,ADAM33,5.877,0.958
T.24,GSE68719 (Prefrontal Cortex),Parkinson Disease,DNAJB1,5.951,1.298
T.24,GSE68719 (Prefrontal Cortex),Parkinson Disease,RIPOR3,6.797,1.674
T.24,GSE68719 (Prefrontal Cortex),Parkinson Disease,C1QL3,1.232,-0.916
T.24,GSE68719 (Prefrontal Cortex),Parkinson Disease,CELF2-AS1,2.326,-0.795
T.24,GSE68719 (Prefrontal Cortex),Parkinson Disease,CISTR,1.785,-1.795
T.24,GSE68719 (Prefrontal Cortex),Parkinson Disease,SERPINF2,5.611,0.828
T.24,GSE68719 (Prefrontal Cortex),Parkinson Disease,SIX5,5.656,1.017
T.24,GSE68719 (Prefrontal Cortex),Parkinson Disease,PRELP,6.092,1.409
T.24,GSE68719 (Prefrontal Cortex),Parkinson Disease,HSPB1,6.51,0.777
T.24,GSE68719 (Prefrontal Cortex),Parkinson Disease,MT1A,7.571,1.595
T.24,GSE68719 (Prefrontal Cortex),Parkinson Disease,SMTN,5.736,0.664
T.24,GSE68719 (Prefrontal Cortex),Parkinson Disease,LINC02019,5.506,1.055
T.25,GSE68719 (Prefrontal Cortex),Parkinson Disease,ADAM33,5.562,0.678
T.25,GSE68719 (Prefrontal Cortex),Parkinson Disease,DNAJB1,5.25,0.608
T.25,GSE68719 (Prefrontal Cortex),Parkinson Disease,RIPOR3,6.248,1.2
T.25,GSE68719 (Prefrontal Cortex),Parkinson Disease,C1QL3,0.38,-1.448
T.25,GSE68719 (Prefrontal Cortex),Parkinson Disease,CELF2-AS1,1.196,-1.793
T.25,GSE68719 (Prefrontal Cortex),Parkinson Disease,CISTR,2.308,-1.227
T.25,GSE68719 (Prefrontal Cortex),Parkinson Disease,SERPINF2,5.349,0.584
T.25,GSE68719 (Prefrontal Cortex),Parkinson Disease,SIX5,5.234,0.583
T.25,GSE68719 (Prefrontal Cortex),Parkinson Disease,PRELP,5.602,0.93
T.25,GSE68719 (Prefrontal Cortex),Parkinson Disease,HSPB1,6.998,1.084
T.25,GSE68719 (Prefrontal Cortex),Parkinson Disease,MT1A,7.682,1.67
T.25,GSE68719 (Prefrontal Cortex),Parkinson Disease,SMTN,6.422,1.171
T.25,GSE68719 (Prefrontal Cortex),Parkinson Disease,LINC02019,4.928,0.406
T.26,GSE68719 (Prefrontal Cortex),Parkinson Disease,ADAM33,5.303,0.448
T.26,GSE68719 (Prefrontal Cortex),Parkinson Disease,DNAJB1,6.322,1.663
T.26,GSE68719 (Prefrontal Cortex),Parkinson Disease,RIPOR3,6.633,1.532
T.26,GSE68719 (Prefrontal Cortex),Parkinson Disease,C1QL3,1.022,-1.047
T.26,GSE68719 (Prefrontal Cortex),Parkinson Disease,CELF2-AS1,2.041,-1.047
T.26,GSE68719 (Prefrontal Cortex),Parkinson Disease,CISTR,2.524,-0.993
T.26,GSE68719 (Prefrontal Cortex),Parkinson Disease,SERPINF2,4.859,0.127
T.26,GSE68719 (Prefrontal Cortex),Parkinson Disease,SIX5,6.686,2.076
T.26,GSE68719 (Prefrontal Cortex),Parkinson Disease,PRELP,6.144,1.46
T.26,GSE68719 (Prefrontal Cortex),Parkinson Disease,HSPB1,7.341,1.299
T.26,GSE68719 (Prefrontal Cortex),Parkinson Disease,MT1A,6.735,1.029
T.26,GSE68719 (Prefrontal Cortex),Parkinson Disease,SMTN,7.141,1.703
T.26,GSE68719 (Prefrontal Cortex),Parkinson Disease,LINC02019,5.898,1.495
T.27,GSE68719 (Prefrontal Cortex),Parkinson Disease,ADAM33,5.641,0.748
T.27,GSE68719 (Prefrontal Cortex),Parkinson Disease,DNAJB1,6.675,2.011
T.27,GSE68719 (Prefrontal Cortex),Parkinson Disease,RIPOR3,6.178,1.14
T.27,GSE68719 (Prefrontal Cortex),Parkinson Disease,C1QL3,1.508,-0.744
T.27,GSE68719 (Prefrontal Cortex),Parkinson Disease,CELF2-AS1,1.861,-1.206
T.27,GSE68719 (Prefrontal Cortex),Parkinson Disease,CISTR,2.871,-0.617
T.27,GSE68719 (Prefrontal Cortex),Parkinson Disease,SERPINF2,6.256,1.429
T.27,GSE68719 (Prefrontal Cortex),Parkinson Disease,SIX5,5.467,0.823
T.27,GSE68719 (Prefrontal Cortex),Parkinson Disease,PRELP,5.686,1.012
T.27,GSE68719 (Prefrontal Cortex),Parkinson Disease,HSPB1,7.063,1.125
T.27,GSE68719 (Prefrontal Cortex),Parkinson Disease,MT1A,6.311,0.742
T.27,GSE68719 (Prefrontal Cortex),Parkinson Disease,SMTN,5.92,0.8
T.27,GSE68719 (Prefrontal Cortex),Parkinson Disease,LINC02019,5.515,1.065
T.28,GSE68719 (Prefrontal Cortex),Parkinson Disease,ADAM33,6.599,1.599
T.28,GSE68719 (Prefrontal Cortex),Parkinson Disease,DNAJB1,6.408,1.748
T.28,GSE68719 (Prefrontal Cortex),Parkinson Disease,RIPOR3,4.845,-0.009
T.28,GSE68719 (Prefrontal Cortex),Parkinson Disease,C1QL3,0.934,-1.102
T.28,GSE68719 (Prefrontal Cortex),Parkinson Disease,CELF2-AS1,2.038,-1.049
T.28,GSE68719 (Prefrontal Cortex),Parkinson Disease,CISTR,1.743,-1.84
T.28,GSE68719 (Prefrontal Cortex),Parkinson Disease,SERPINF2,5.509,0.733
T.28,GSE68719 (Prefrontal Cortex),Parkinson Disease,SIX5,6.202,1.578
T.28,GSE68719 (Prefrontal Cortex),Parkinson Disease,PRELP,5.247,0.584
T.28,GSE68719 (Prefrontal Cortex),Parkinson Disease,HSPB1,7.4,1.337
T.28,GSE68719 (Prefrontal Cortex),Parkinson Disease,MT1A,6.427,0.82
T.28,GSE68719 (Prefrontal Cortex),Parkinson Disease,SMTN,5.922,0.801
T.28,GSE68719 (Prefrontal Cortex),Parkinson Disease,LINC02019,6.534,2.209
T.29,GSE68719 (Prefrontal Cortex),Parkinson Disease,ADAM33,5.83,0.916
T.29,GSE68719 (Prefrontal Cortex),Parkinson Disease,DNAJB1,5.002,0.364
T.29,GSE68719 (Prefrontal Cortex),Parkinson Disease,RIPOR3,6.477,1.398
T.29,GSE68719 (Prefrontal Cortex),Parkinson Disease,C1QL3,0.755,-1.214
T.29,GSE68719 (Prefrontal Cortex),Parkinson Disease,CELF2-AS1,2.113,-0.983
T.29,GSE68719 (Prefrontal Cortex),Parkinson Disease,CISTR,2.475,-1.046
T.29,GSE68719 (Prefrontal Cortex),Parkinson Disease,SERPINF2,5.766,0.972
T.29,GSE68719 (Prefrontal Cortex),Parkinson Disease,SIX5,5.815,1.181
T.29,GSE68719 (Prefrontal Cortex),Parkinson Disease,PRELP,6.64,1.944
T.29,GSE68719 (Prefrontal Cortex),Parkinson Disease,HSPB1,7.004,1.088
T.29,GSE68719 (Prefrontal Cortex),Parkinson Disease,MT1A,6.861,1.114
T.29,GSE68719 (Prefrontal Cortex),Parkinson Disease,SMTN,6.781,1.436
T.29,GSE68719 (Prefrontal Cortex),Parkinson Disease,LINC02019,4.494,-0.081
