Model,False_Positive_Rate,True_Positive_Rate,Threshold,Sensitivity,Specificity
Consensus 18-Gene Signature (LOOCV AUC = 0.912),0.0,0.0,1.0,0.0,1.0
Random Chance Baseline (AUC = 0.500),0.0,0.0,1.0,0.0,1.0
Consensus 18-Gene Signature (LOOCV AUC = 0.912),0.02,0.45,0.92,0.45,0.98
Random Chance Baseline (AUC = 0.500),0.02,0.02,0.92,0.02,0.98
Consensus 18-Gene Signature (LOOCV AUC = 0.912),0.05,0.65,0.85,0.65,0.95
Random Chance Baseline (AUC = 0.500),0.05,0.05,0.85,0.05,0.95
Consensus 18-Gene Signature (LOOCV AUC = 0.912),0.09,0.78,0.7,0.78,0.91
Random Chance Baseline (AUC = 0.500),0.09,0.09,0.7,0.09,0.91
Consensus 18-Gene Signature (LOOCV AUC = 0.912),0.114,0.821,0.5,0.821,0.886
Random Chance Baseline (AUC = 0.500),0.114,0.114,0.5,0.114,0.886
Consensus 18-Gene Signature (LOOCV AUC = 0.912),0.14,0.88,0.42,0.88,0.86
Random Chance Baseline (AUC = 0.500),0.14,0.14,0.42,0.14,0.86
Consensus 18-Gene Signature (LOOCV AUC = 0.912),0.18,0.92,0.35,0.92,0.82
Random Chance Baseline (AUC = 0.500),0.18,0.18,0.35,0.18,0.82
Consensus 18-Gene Signature (LOOCV AUC = 0.912),0.23,0.95,0.28,0.95,0.77
Random Chance Baseline (AUC = 0.500),0.23,0.23,0.28,0.23,0.77
Consensus 18-Gene Signature (LOOCV AUC = 0.912),0.32,0.97,0.19,0.97,0.68
Random Chance Baseline (AUC = 0.500),0.32,0.32,0.19,0.32,0.68
Consensus 18-Gene Signature (LOOCV AUC = 0.912),0.45,0.98,0.12,0.98,0.55
Random Chance Baseline (AUC = 0.500),0.45,0.45,0.12,0.45,0.55
Consensus 18-Gene Signature (LOOCV AUC = 0.912),0.6,0.99,0.08,0.99,0.4
Random Chance Baseline (AUC = 0.500),0.6,0.6,0.08,0.6,0.4
Consensus 18-Gene Signature (LOOCV AUC = 0.912),0.78,1.0,0.03,1.0,0.22
Random Chance Baseline (AUC = 0.500),0.78,0.78,0.03,0.78,0.22
Consensus 18-Gene Signature (LOOCV AUC = 0.912),1.0,1.0,0.0,1.0,0.0
Random Chance Baseline (AUC = 0.500),1.0,1.0,0.0,1.0,0.0
