sample_id,group,split,held_out
C.1,NO_PD,train,False
C.2,NO_PD,train,False
C.3,NO_PD,train,False
C.4,NO_PD,train,False
C.5,NO_PD,train,False
C.6,NO_PD,train,False
C.7,NO_PD,train,False
C.8,NO_PD,train,False
C.9,NO_PD,train,False
C.10,NO_PD,train,False
C.11,NO_PD,train,False
C.12,NO_PD,train,False
C.13,NO_PD,train,False
C.14,NO_PD,train,False
C.15,NO_PD,train,False
C.16,NO_PD,train,False
C.17,NO_PD,train,False
C.18,NO_PD,train,False
C.19,NO_PD,train,False
C.20,NO_PD,train,False
C.21,NO_PD,train,False
C.22,NO_PD,train,False
C.23,NO_PD,train,False
C.24,NO_PD,train,False
C.25,NO_PD,train,False
C.26,NO_PD,train,False
C.27,NO_PD,train,False
C.28,NO_PD,train,False
C.29,NO_PD,train,False
C.30,NO_PD,train,False
C.31,NO_PD,train,False
C.32,NO_PD,train,False
C.33,NO_PD,train,False
C.34,NO_PD,train,False
C.35,NO_PD,train,False
C.36,NO_PD,train,False
C.37,NO_PD,train,False
C.38,NO_PD,train,False
C.39,NO_PD,train,False
C.40,NO_PD,train,False
C.41,NO_PD,train,False
C.42,NO_PD,train,False
C.43,NO_PD,train,False
C.44,NO_PD,train,False
T.1,PD,train,False
T.2,PD,train,False
T.3,PD,train,False
T.4,PD,train,False
T.5,PD,train,False
T.6,PD,train,False
T.7,PD,train,False
T.8,PD,train,False
T.9,PD,train,False
T.10,PD,train,False
T.11,PD,train,False
T.12,PD,train,False
T.13,PD,train,False
T.14,PD,train,False
T.15,PD,train,False
T.16,PD,train,False
T.17,PD,train,False
T.18,PD,train,False
T.19,PD,train,False
T.21,PD,train,False
T.22,PD,train,False
T.23,PD,train,False
T.24,PD,train,False
T.25,PD,train,False
T.26,PD,train,False
T.27,PD,train,False
T.28,PD,train,False
T.29,PD,train,False
