COUNT,STATUS
C.1,NO_PD
C.2,NO_PD
C.3,NO_PD
C.4,NO_PD
C.5,NO_PD
C.6,NO_PD
C.7,NO_PD
C.8,NO_PD
C.9,NO_PD
C.10,NO_PD
C.11,NO_PD
C.12,NO_PD
C.13,NO_PD
C.14,NO_PD
C.15,NO_PD
C.16,NO_PD
C.17,NO_PD
C.18,NO_PD
C.19,NO_PD
C.20,NO_PD
C.21,NO_PD
C.22,NO_PD
C.23,NO_PD
C.24,NO_PD
C.25,NO_PD
C.26,NO_PD
C.27,NO_PD
C.28,NO_PD
C.29,NO_PD
C.30,NO_PD
C.31,NO_PD
C.32,NO_PD
C.33,NO_PD
C.34,NO_PD
C.35,NO_PD
C.36,NO_PD
C.37,NO_PD
C.38,NO_PD
C.39,NO_PD
C.40,NO_PD
C.41,NO_PD
C.42,NO_PD
C.43,NO_PD
C.44,NO_PD
T.1,PD
T.2,PD
T.3,PD
T.4,PD
T.5,PD
T.6,PD
T.7,PD
T.8,PD
T.9,PD
T.10,PD
T.11,PD
T.12,PD
T.13,PD
T.14,PD
T.15,PD
T.16,PD
T.17,PD
T.18,PD
T.19,PD
T.21,PD
T.22,PD
T.23,PD
T.24,PD
T.25,PD
T.26,PD
T.27,PD
T.28,PD
T.29,PD
