ENTREZID,ENSEMBL,SYMBOL,GENENAME,logFC,AveExpr,t,P.Value,adj.P.Val,B
80332,ENSG00000149451,ADAM33,ADAM metallopeptidase domain 33,1.16840752186125,4.07160948027286,6.74465262001178,2.93190670804117e-09,2.41429728626649e-05,10.9513190409899
147912,ENSG00000177045,SIX5,SIX homeobox 5,1.11038706254437,2.22155434849231,6.5458322606807,6.82481498709404e-09,2.41429728626649e-05,10.0274948786848
3315,ENSG00000106211,HSPB1,heat shock protein family B (small) member 1,1.69144243208973,7.06261523748051,6.49676713715074,8.39987636870447e-09,2.41429728626649e-05,9.94352605512458
140876,ENSG00000042062,RIPOR3,RIPOR family member 3,1.34539539149076,2.13300469969728,6.34107690761037,1.61943050245162e-08,2.41429728626649e-05,9.22257831191623
23615,ENSG00000290671,PYY2,peptide YY 2 (pseudogene),1.41660145707481,-0.447971916990242,6.32815826289784,1.7097843766692e-08,2.41429728626649e-05,8.59171636308736
9322,ENSG00000125733,TRIP10,thyroid hormone receptor interactor 10,1.2052425727792,3.40497297177126,6.26084359051886,2.26779405482351e-08,2.47010756504936e-05,8.99690018704754
6525,ENSG00000183963,SMTN,smoothelin,1.37063906605862,4.6173171827281,6.22586521631662,2.6254648636683e-08,2.47010756504936e-05,8.86751262696946
414332,ENSG00000187922,LCN10,lipocalin 10,1.6890345699333,-0.0295090108630645,6.21392660623893,2.75989724283572e-08,2.47838772406647e-05,8.32038813569685
729359,ENSG00000167676,PLIN4,perilipin 4,1.41678563799043,3.78318817299266,6.18804890910456,3.07511697208188e-08,2.65099683929235e-05,8.71577423088257
150677,ENSG00000178602,OTOS,otospiralin,1.47257587892336,0.504813077677698,6.10616957457446,4.32631925046298e-08,3.21520112020614e-05,8.05791736912223
64344,ENSG00000124440,HIF3A,hypoxia inducible factor 3 subunit alpha,1.56697691067449,5.44492173170424,6.08480498493392,4.72837081257686e-08,3.39686159175522e-05,8.30670719160084
1969,ENSG00000142627,EPHA2,EPH receptor A2,1.23864072645633,1.80608269810195,6.06446382016496,5.1454075366398e-08,3.57722010418261e-05,8.11790760582578
8515,ENSG00000143127,ITGA10,integrin subunit alpha 10,1.149610252775,2.87884332574242,6.04997691116537,5.4643892279078e-08,3.60082863648224e-05,8.15016236564813
11136,ENSG00000021488,SLC7A9,solute carrier family 7 member 9,1.35064914807867,0.545113365855636,6.02684659401036,6.01465834021234e-08,3.70365475852161e-05,7.77134591590875
101928156,,LOC101928156,uncharacterized LOC101928156,1.29715114810464,0.298830081367592,5.99782502764268,6.78307961241328e-08,3.77003803750778e-05,7.60885264027173
92922,ENSG00000135736,CCDC102A,coiled-coil domain containing 102A,1.11218878218684,0.839821900440823,5.99252869103115,6.93342904838432e-08,3.77003803750778e-05,7.69768706392099
107986085,,LINC02019,long intergenic non-protein coding RNA 2019,1.02797303417405,-0.060583602480156,5.98435215265411,7.17202856058922e-08,3.77003803750778e-05,7.46131986472269
54541,ENSG00000168209,DDIT4,DNA damage inducible transcript 4,1.27361977787072,5.9378676087011,5.97256578261201,7.53030449462764e-08,3.77425866205151e-05,7.86439238343446
4489,ENSG00000205362,MT1A,metallothionein 1A,2.03154849827476,0.544300993863745,5.88635018706551,1.07469278515941e-07,4.07339505778765e-05,7.27024857306293
4791,ENSG00000077150,NFKB2,nuclear factor kappa B subunit 2,1.15725155705845,2.94018263940055,5.87525833171283,1.1248821285145e-07,4.17990683340422e-05,7.47681437831404
54863,ENSG00000198113,TOR4A,torsin family 4 member A,1.03241236099973,0.924054307113362,5.83300194635658,1.33818717097156e-07,4.5430734831064e-05,7.12130258411467
3303,ENSG00000204389,HSPA1A,heat shock protein family A (Hsp70) member 1A,1.6313246613105,8.19371814031226,5.81017447876578,1.46954201012814e-07,4.65758373562967e-05,7.23011680574403
3304,ENSG00000204388,HSPA1B,heat shock protein family A (Hsp70) member 1B,1.51621977360079,8.19747135011102,5.75903495795936,1.81173549897749e-07,4.99028082439159e-05,7.03398588410966
100316904,ENSG00000205307,SAP25,Sin3A associated protein 25,1.37668585397477,2.78299524091272,5.75110361521062,1.87141913140013e-07,4.99028082439159e-05,6.99639780348929
4500,ENSG00000291105,MT1L,metallothionein 1L (pseudogene),1.47751599550357,1.21700148463171,5.74715864583083,1.90182290522677e-07,4.99028082439159e-05,6.85786410548351
290,ENSG00000166825,ANPEP,"alanyl aminopeptidase, membrane",1.28817778921046,0.746409051881956,5.74228342395868,1.94006956985285e-07,4.99028082439159e-05,6.76527524284253
440503,ENSG00000214456,PLIN5,perilipin 5,1.04993759072473,3.40779348783254,5.708109560242,2.23029946359228e-07,5.46220614083419e-05,6.84138191906139
3337,ENSG00000132002,DNAJB1,DnaJ heat shock protein family (Hsp40) member B1,1.06027097838329,6.84974950345678,5.66917616676665,2.61332323914561e-07,5.76504186063528e-05,6.68841061639253
28999,ENSG00000163884,KLF15,KLF transcription factor 15,1.01088307805219,4.82995729133801,5.66719701894949,2.63443671518919e-07,5.76504186063528e-05,6.67002340408392
871,ENSG00000149257,SERPINH1,serpin family H member 1,1.57278558630452,3.66199607969488,5.62876771152401,3.07935984327558e-07,6.04467396783036e-05,6.53615656206359
105375022,ENSG00000272217,LOC105375022,uncharacterized LOC105375022,1.29413950310419,-0.853375647924314,5.60798552269294,3.34999924742015e-07,6.31450291591246e-05,5.92518235246687
8557,ENSG00000173991,TCAP,titin-cap,1.07953687147971,2.1087326174205,5.57727106396653,3.79338239820983e-07,6.5387466787496e-05,6.30681110441109
23704,ENSG00000152049,KCNE4,potassium voltage-gated channel subfamily E regulatory subunit 4,1.7434637913712,2.07462990954391,5.56521902216069,3.98272208723624e-07,6.6539245290012e-05,6.26523329101137
43847,ENSG00000129437,KLK14,kallikrein related peptidase 14,1.11585607198017,0.696486917282174,5.53820874473849,4.44148759033048e-07,7.14350302588078e-05,6.01566006214563
348645,ENSG00000188511,MIR3667HG,MIR3667 host gene,1.24160443767325,0.742965415239972,5.48895217242938,5.415773454524e-07,7.88653712783117e-05,5.84792261541904
2302,ENSG00000129654,FOXJ1,forkhead box J1,1.67356207563272,1.61926892089807,5.47757420429761,5.66913323314173e-07,8.03823417372832e-05,5.90967576249143
4502,ENSG00000125148,MT2A,metallothionein 2A,1.22028397849258,6.50022693087047,5.472980703156,5.77469033802668e-07,8.07735101051842e-05,5.93448642862104
6405,ENSG00000001617,SEMA3F,semaphorin 3F,1.09131653596416,2.86826988490143,5.45705430825531,6.15585742459316e-07,8.2648862031569e-05,5.88540697423193
197259,ENSG00000168404,MLKL,mixed lineage kinase domain like pseudokinase,1.35735165496605,1.98570648805322,5.44223546367005,6.53267559103787e-07,8.38849614604257e-05,5.80166852077629
5549,ENSG00000188783,PRELP,proline and arginine rich end leucine rich repeat protein,1.09572367135671,4.79238662473366,5.43987730488956,6.59469498974165e-07,8.38849614604257e-05,5.79839124013987
8793,ENSG00000173530,TNFRSF10D,TNF receptor superfamily member 10d,1.61785463663522,1.43774047256949,5.4380015394724,6.64444043574486e-07,8.38849614604257e-05,5.74901337511363
91450,,LOC91450,uncharacterized LOC91450,1.1890039660916,-1.97668566786894,5.41577117951429,7.26282695972854e-07,8.48355108925403e-05,4.91137329071379
402573,ENSG00000185955,SPACDR,sperm acrosome developmental regulator,1.58569123470273,1.54557822792777,5.41425780735454,7.30692297452785e-07,8.48355108925403e-05,5.6715597081715
84913,ENSG00000168874,ATOH8,atonal bHLH transcription factor 8,1.16622167343665,3.50157266263443,5.40451756282301,7.59709242866568e-07,8.48355108925403e-05,5.68648938808507
284454,,MIR23AHG,miR-23a/27a/24-2 cluster host gene,1.14071815249019,1.45476136752751,5.3657222523461,8.8694570871116e-07,8.59594752541252e-05,5.48219478667794
4494,ENSG00000198417,MT1F,metallothionein 1F,1.17562013928428,4.35272485602514,5.36536120144576,8.88223042113984e-07,8.59594752541252e-05,5.52230050420853
9531,ENSG00000151929,BAG3,BAG cochaperone 3,1.43343577993533,5.19267789376992,5.35202688866919,9.36684202341512e-07,8.62710167900183e-05,5.46535110772588
28231,ENSG00000101187,SLCO4A1,solute carrier organic anion transporter family member 4A1,1.41873553001511,4.94025730423345,5.34842277487492,9.50222473060179e-07,8.64101043856244e-05,5.45220018864678
29941,ENSG00000160447,PKN3,protein kinase N3,1.01062459398289,2.33088958399573,5.34611814392232,9.58979971922846e-07,8.68400687179882e-05,5.46079642602412
602,ENSG00000069399,BCL3,BCL3 transcription coactivator,1.03091886856026,2.57368570581452,5.28306075424725,1.23187004818973e-06,0.000102506808025425,5.23516811430303
8620,ENSG00000139574,NPFF,neuropeptide FF-amide peptide precursor,1.08284536906727,1.21588951678007,5.27647224204926,1.26444250095753e-06,0.000103616976352231,5.13923808780152
132884,ENSG00000173040,EVC2,EvC ciliary complex subunit 2,1.14659789883536,0.0283095039257048,5.27076776450982,1.29332592708249e-06,0.000104054339921676,4.96536359383625
2669,ENSG00000164949,GEM,GTP binding protein overexpressed in skeletal muscle,1.15927556890536,2.50063629084448,5.26690857561978,1.31323220391128e-06,0.000104054339921676,5.17491139091937
112268295,,LOC112268295,uncharacterized LOC112268295,1.32157726622654,-0.497090044791785,5.26042799416415,1.34733829128454e-06,0.000104687185045304,4.83362391065415
5118,ENSG00000106333,PCOLCE,procollagen C-endopeptidase enhancer,1.00442801917096,1.92013588282458,5.25986093114905,1.35036365268164e-06,0.000104687185045304,5.12810986436853
375033,ENSG00000187800,PEAR1,platelet endothelial aggregation receptor 1,1.00491331784469,2.51512143513044,5.25607756166864,1.37071971015415e-06,0.000105884412879004,5.13490148538218
5623,ENSG00000125650,PSPN,persephin,1.15563931883257,-0.768112713606484,5.24810177916796,1.41462379913635e-06,0.000107731350243769,4.72493308981051
2828,ENSG00000177464,GPR4,G protein-coupled receptor 4,1.57103640392559,2.31451236780391,5.23112013154529,1.51274743500907e-06,0.000110893648705155,5.04119486887271
2570,ENSG00000111886,GABRR2,gamma-aminobutyric acid type A receptor subunit rho2,1.30009266124568,-0.263193680750435,5.22392287841325,1.55632102029939e-06,0.000112326642022217,4.75628213549295
84734,ENSG00000183615,FAM167B,family with sequence similarity 167 member B,1.31160981829967,0.0915092960768073,5.22274524692963,1.56356684329367e-06,0.000112326642022217,4.81420679459949
4487,ENSG00000163132,MSX1,msh homeobox 1,1.00941586373925,2.96859403821054,5.20558011076151,1.6730134626747e-06,0.000117067487492094,4.95217076621115
102724046,,LOC102724046,uncharacterized LOC102724046,2.02753505583995,0.523566596646794,5.18716365644183,1.79879263134776e-06,0.000122358929955657,4.76132163700338
26471,ENSG00000176046,NUPR1,"nuclear protein 1, transcriptional regulator",1.33143911082278,4.26590047545884,5.18384277304415,1.82243951910569e-06,0.000122358929955657,4.84408704609734
105378606,,LOC105378606,uncharacterized LOC105378606,1.74602234241527,-1.80492083393186,5.18222133789978,1.83409564477213e-06,0.000122430811522677,4.25071431393172
2014,ENSG00000142227,EMP3,epithelial membrane protein 3 (MAM blood group),1.02043399885546,2.49071744650466,5.17313250109625,1.90079854704288e-06,0.000126049262418056,4.83175190033452
406913,ENSG00000199161,MIR126,microRNA 126,1.49740177658961,-2.3814944394740998,5.16916045901435,1.9306905030953e-06,0.000127638778290521,4.0230715078667
5345,ENSG00000167711,SERPINF2,serpin family F member 2,1.13721575965976,1.24644848616167,5.16737968468118,1.94424097979877e-06,0.000127919783135121,4.75421496757798
1435,ENSG00000184371,CSF1,colony stimulating factor 1,1.09759387196616,4.50036339747824,5.11387384161788,2.39780439433045e-06,0.000146395128347337,4.57859223315703
23764,ENSG00000185022,MAFF,MAF bZIP transcription factor F,1.30589682826793,3.22933781662468,5.09931138997948,2.53822654542503e-06,0.000151534234091414,4.55830534090167
51330,ENSG00000006327,TNFRSF12A,TNF receptor superfamily member 12A,1.34673417327617,0.162497200278131,5.08504977411096,2.68353937696319e-06,0.000155785368435727,4.35260715019434
7100,ENSG00000187554,TLR5,toll like receptor 5,1.07213688148291,0.949618495764143,5.08236023610197,2.7118418237663e-06,0.000155865083689288,4.42879335848026
107986025,,LOC107986025,uncharacterized LOC107986025,-1.11636316502338,-1.94654968252443,-5.06739342015137,2.87475866834214e-06,0.000160715260836043,3.65305837282386
107985847,,LOC107985847,uncharacterized LOC107985847,-1.71742561395166,-1.31232600994523,-5.05857971895749,2.97513896361259e-06,0.000161221389391308,3.7586435786763
8771,ENSG00000243509,TNFRSF6B,TNF receptor superfamily member 6b,1.18252082651531,2.79113765279237,5.05048535963218,3.07034322336023e-06,0.000163387746049036,4.38740008341431
3665,ENSG00000185507,IRF7,interferon regulatory factor 7,1.06192423231647,2.77435195055442,5.03578385758899,3.25094144040029e-06,0.000168700026561024,4.33445787454167
574042,ENSG00000206811,SNORA10,"small nucleolar RNA, H/ACA box 10",1.06385821923108,-0.971165481466043,5.03101031707815,3.31178597222316e-06,0.000169566231837187,3.95587752395752
404216,ENSG00000177234,LINC01561,long intergenic non-protein coding RNA 1561,1.00494682442583,0.415186912412902,5.0169840840381,3.49708484351918e-06,0.000175277145459361,4.14593179552365
8463,ENSG00000074219,TEAD2,TEA domain transcription factor 2,1.03684775140556,1.7322621525238,5.00535808296142,3.65832827914714e-06,0.000179566351188073,4.20881053216531
79469,,DLEU2L,deleted in lymphocytic leukemia 2 like,-1.51091848029177,-1.12442049652052,-4.96412670614139,4.29094439070479e-06,0.000198272488319433,3.53677654501036
161247,ENSG00000139914,FITM1,fat storage inducing transmembrane protein 1,1.20866551564601,-1.04814271130853,4.96380537693243,4.29627190261578e-06,0.000198272488319433,3.72587715414178
285,ENSG00000091879,ANGPT2,angiopoietin 2,1.3833627511654,2.65636136168772,4.94035261576707,4.7030693167072e-06,0.000209422623788582,3.99213994283514
284185,,LINC00482,long intergenic non-protein coding RNA 482,1.04516590130386,-0.881275543339381,4.91351943448929,5.21476014706669e-06,0.000222551506316003,3.59170226567741
100144604,,LINC00930,long intergenic non-protein coding RNA 930,1.51667060207688,-0.0817536943787924,4.89824510987933,5.5299108784166e-06,0.00023161446507205,3.68884646621026
105370047,ENSG00000214650,LOC105370047,uncharacterized LOC105370047,1.07963320239443,-0.898704835735023,4.89802486778064,5.53458841462999e-06,0.00023161446507205,3.54003524957243
158511,ENSG00000198930,CSAG1,chondrosarcoma associated gene 1,1.02110261931992,-1.29824043436803,4.89291667443384,5.64416746777298e-06,0.000234832234103172,3.43436375302002
5329,ENSG00000011422,PLAUR,"plasminogen activator, urokinase receptor",1.00431153290155,1.55268639463263,4.89021853363226,5.70289906173406e-06,0.000235007419844154,3.79703231224658
4499,ENSG00000205364,MT1M,metallothionein 1M,1.09490937111142,4.55491816085735,4.88643146984363,5.78634135787163e-06,0.000236636108054743,3.74447459612956
53827,ENSG00000089327,FXYD5,FXYD domain containing ion transport regulator 5,1.02634657515337,2.73989726100171,4.88522307548246,5.81321651097699e-06,0.000237284928493515,3.79504426574304
100505495,ENSG00000267107,PCAT19,prostate cancer associated transcript 19,1.23834361437161,1.42224457758541,4.88328715375745,5.85652636437898e-06,0.000237702177410726,3.76868719392503
7852,ENSG00000121966,CXCR4,C-X-C motif chemokine receptor 4,1.02953218639281,2.05020507927518,4.87121278589911,6.1338471927183e-06,0.000244717388051725,3.74515991007519
2289,ENSG00000096060,FKBP5,FKBP prolyl isomerase 5,1.18798365703597,5.27281296689384,4.87001828973317,6.16196887821435e-06,0.000245023530006044,3.67860029266792
27181,ENSG00000105366,SIGLEC8,sialic acid binding Ig like lectin 8,1.33645255694357,1.6171068364385,4.86937886844388,6.17707426797625e-06,0.000245171831719013,3.7289906637423
2615,ENSG00000137507,LRRC32,leucine rich repeat containing 32,1.14126529648223,3.90410543926191,4.85643108423309,6.49083958242353e-06,0.00025205508951422,3.65608689803945
9620,ENSG00000075275,CELSR1,cadherin EGF LAG seven-pass G-type receptor 1,1.08693217880175,0.80993855485603,4.84708024782634,6.72705834793207e-06,0.000259358786251578,3.60498769649447
151534,ENSG00000257702,LBX2-AS1,LBX2 antisense RNA 1,1.21163867093523,-1.1601771887161,4.82416223900595,7.3420439518453e-06,0.000272350656196506,3.25460744182672
101060553,,LOC101060553,uncharacterized LOC101060553,-1.24620733697126,-2.26760857133388,-4.79831089616073,8.10165577488723e-06,0.000290603451796171,2.76377983990282
6939,ENSG00000125878,TCF15,transcription factor 15,1.0830111932056,-0.934962115287934,4.78414849151327,8.5497503235537e-06,0.000299616616216633,3.16635138989411
79651,ENSG00000129667,RHBDF2,rhomboid 5 homolog 2,1.22730300846061,3.25354649654324,4.76139374992712,9.32076126452632e-06,0.000319326341346478,3.34129197682444
107985323,,LOC107985323,uncharacterized LOC107985323,1.81298882212632,0.743654801625517,4.75210349643622,9.65466888474928e-06,0.000324613765685049,3.28437898930341
102723506,,LOC102723506,uncharacterized LOC102723506,1.80990835842825,-1.15283848549772,4.74059244249651,1.00845929691691e-05,0.000332837898425011,3.00553405959421
340602,ENSG00000187690,EZHIP,EZH inhibitory protein,1.04667044288981,-1.55823169647185,4.73469548040763,1.03120057260687e-05,0.000337757366881813,2.87951870432785
10148,ENSG00000105246,EBI3,Epstein-Barr virus induced 3,1.22890122627998,0.357116616140267,4.72823955710322,1.05667035679284e-05,0.000343163772326333,3.16810500709717
100127888,ENSG00000232803,SLCO4A1-AS1,SLCO4A1 antisense RNA 1,1.33723705218104,1.37259255270497,4.72265309777316,1.07920366061771e-05,0.000347149213337803,3.21422643760735
7462,ENSG00000086730,LAT2,linker for activation of T cells family member 2,1.02510942848828,2.60735741189884,4.70702288923811,1.14476427369246e-05,0.000354992224843453,3.16950727521566
692247,ENSG00000254815,LMNTD2-AS1,LMNTD2 antisense RNA 1,1.27967716361868,-1.29224495127528,4.70181639224041,1.16745188040473e-05,0.000359336332417693,2.84144626373169
719,ENSG00000171860,C3AR1,complement C3a receptor 1,1.21177089404172,1.7004267707642,4.69881394383965,1.18073362528087e-05,0.000361465498466666,3.14138243350322
3707,ENSG00000143772,ITPKB,inositol-trisphosphate 3-kinase B,1.03790971706308,7.4496867562096,4.66974930643624,1.31714855438423e-05,0.000387307397766641,3.00507531289187
113278,ENSG00000101276,SLC52A3,solute carrier family 52 member 3,1.23829024988446,2.23814499588743,4.65880775520387,1.37237899936941e-05,0.000393841706982816,3.00697052157465
105371745,ENSG00000270240,LOC105371745,uncharacterized LOC105371745,1.32952460538432,-1.29573567831371,4.63735438093213,1.48728646455641e-05,0.000414670089057175,2.6413542828998
84667,ENSG00000179111,HES7,hes family bHLH transcription factor 7,1.01759121846798,0.770833414329206,4.63595459860634,1.49510074040206e-05,0.000416310221668541,2.89022061490092
7022,ENSG00000087510,TFAP2C,transcription factor AP-2 gamma,1.17839784736166,-0.0340897219253499,4.63398588784888,1.50615866954634e-05,0.000418155755237768,2.81729310583022
6542,ENSG00000003989,SLC7A2,solute carrier family 7 member 2,1.11022030533924,4.52570400809434,4.6307770684669,1.52435279106361e-05,0.000421731082837008,2.83176553299907
2919,ENSG00000163739,CXCL1,C-X-C motif chemokine ligand 1,2.01679269072844,-0.250062721738411,4.62619948407628,1.55067830342283e-05,0.000426310964334836,2.77785835662055
1846,ENSG00000120875,DUSP4,dual specificity phosphatase 4,-1.41817992902058,1.9947975583436,-4.62162783088082,1.57741077282052e-05,0.000428932817596092,2.87074679805021
3004,ENSG00000197540,GZMM,granzyme M,1.06509639024419,-1.06666994425286,4.61958974753288,1.5894722711921e-05,0.000430932152378372,2.61971326501816
7004,ENSG00000197905,TEAD4,TEA domain transcription factor 4,1.00986142977981,0.615993563482189,4.60539016705044,1.67603059430156e-05,0.000444238664861986,2.77858666093535
102546175,,LINC01338,long intergenic non-protein coding RNA 1338,1.35591658929838,-0.133298059184563,4.60221930863887,1.69597651856863e-05,0.000445752267416964,2.70680604265855
27286,ENSG00000102359,SRPX2,sushi repeat containing protein X-linked 2,1.2372217836406,1.69295795590834,4.59428968088062,1.74687233942413e-05,0.000454144664164883,2.78519836442671
8840,ENSG00000104415,CCN4,cellular communication network factor 4,1.11228965742569,-1.03694165747948,4.58167525539736,1.83091088628609e-05,0.000469200849241829,2.50880386751565
83873,ENSG00000156097,GPR61,G protein-coupled receptor 61,-1.09040168519359,2.09532531407947,-4.57447914973622,1.88059844058331e-05,0.000474597864068517,2.71625188110386
101929468,ENSG00000245384,CXXC4-AS1,CXXC4 antisense RNA 1,-1.043509497731,-1.43105883264416,-4.57171053065739,1.90006210695795e-05,0.000475059611707166,2.29783733926293
26253,ENSG00000166523,CLEC4E,C-type lectin domain family 4 member E,2.04923212094945,-1.1408357377864,4.56745820974322,1.9303380596707e-05,0.000479293155092429,2.46722457887425
441046,ENSG00000251600,GUSBP5,GUSB pseudogene 5,-1.30385756326813,-1.26284087300302,-4.56600457232943,1.94079486078339e-05,0.000481334992400502,2.29974146579175
29128,ENSG00000276043,UHRF1,ubiquitin like with PHD and ring finger domains 1,1.11486160241603,1.39888873028872,4.55040475873963,2.0565341983229e-05,0.000499203712470148,2.6318919329436
6911,ENSG00000149922,TBX6,T-box transcription factor 6,1.04331887238509,1.07785762763828,4.5477127740847,2.07717370376617e-05,0.000501992217542753,2.61238645558298
105378644,ENSG00000284640,LOC105378644,uncharacterized LOC105378644,1.20595341185824,-1.28137422148377,4.54315412746618,2.11258460760249e-05,0.00050483199938402,2.3496107125229
4501,ENSG00000187193,MT1X,metallothionein 1X,1.18813173916656,5.03842867262616,4.54175985940821,2.12353166640315e-05,0.000506264983123017,2.51162488119476
3311,ENSG00000225217,HSPA7,heat shock protein family A (Hsp70) member 7 (pseudogene),1.75864550573062,0.870746218165811,4.53562790827791,2.17233392543033e-05,0.000510557696410845,2.56746035790546
3310,ENSG00000173110,HSPA6,heat shock protein family A (Hsp70) member 6,2.05887945249156,1.03885066361954,4.52356342383002,2.27155047425429e-05,0.000526413503452995,2.53543954053097
4778,ENSG00000123405,NFE2,"nuclear factor, erythroid 2",1.53164086888443,-2.39256652186861,4.50143153999831,2.46511753351699e-05,0.000555734446468182,2.0139330452879
54869,ENSG00000131037,EPS8L1,EPS8 signaling adaptor L1,1.04433946445082,-1.57071579990028,4.49450099172994,2.52895774547919e-05,0.000566266978266367,2.14040398786424
107985305,ENSG00000266903,CEACAM16-AS1,"CEACAM16, CEACAM19 and PVR antisense RNA 1",1.6726852218602,-1.96075783818868,4.49436464160368,2.5302296773873e-05,0.000566266978266367,2.08387390448316
3291,ENSG00000176387,HSD11B2,hydroxysteroid 11-beta dehydrogenase 2,1.28793583649131,1.23853951617151,4.48375623050968,2.63111541500367e-05,0.000579008716208292,2.40656530352556
107985303,,LOC107985303,IQ motif and SEC7 domain-containing protein 2-like,-1.08971364891833,0.833381232935195,-4.46696154392104,2.79885997171637e-05,0.000601406082855744,2.30664334038901
11027,ENSG00000239998,LILRA2,leukocyte immunoglobulin like receptor A2,1.0913344225713,0.204374056187755,4.45138231562353,2.9637070614042e-05,0.000621239777332151,2.2483594125014
64926,ENSG00000105122,RASAL3,RAS protein activator like 3,1.03572870858377,1.51626161189428,4.42760207813856,3.23362298987552e-05,0.000653149415911876,2.22499500633507
4064,ENSG00000134061,CD180,CD180 molecule,1.28892777192889,-0.582722943376531,4.42648799767961,3.24683582561567e-05,0.000654023609448377,2.09585258973962
2701,ENSG00000187513,GJA4,gap junction protein alpha 4,1.23881055900304,1.56049133991254,4.42326283843216,3.28538140837107e-05,0.00065866548942524,2.21130273268141
101927931,ENSG00000270164,LINC01480,long intergenic non-protein coding RNA 1480,1.25103438529032,-0.752523942567786,4.42273128664946,3.29177668541112e-05,0.000659334304126212,2.06152266297734
53947,ENSG00000128274,A4GALT,"alpha 1,4-galactosyltransferase (P1PK blood group)",1.07341911044362,2.05025993168828,4.41881557440287,3.33926110960443e-05,0.000666665740594819,2.19497343718555
4689,ENSG00000100365,NCF4,neutrophil cytosolic factor 4,1.06239936788445,0.904204542263984,4.41803630225729,3.34878993267688e-05,0.000667034386590131,2.17933729809498
50486,ENSG00000123689,G0S2,G0/G1 switch 2,1.14555192541727,0.817728845856395,4.41111569258839,3.43457815311064e-05,0.000679101177576519,2.15398714126099
101927532,ENSG00000228058,LINC01736,long intergenic non-protein coding RNA 1736,1.40804876993728,0.768626990944069,4.40903305216285,3.46080884179757e-05,0.00068116303341024,2.14678530812873
10859,ENSG00000104972,LILRB1,leukocyte immunoglobulin like receptor B1,1.06948336637807,1.85939357039322,4.40462339154438,3.51699023685005e-05,0.000684117113047291,2.1495757654155
712,ENSG00000173372,C1QA,complement C1q A chain,1.41693958747998,4.022510415387,4.39866679590622,3.5942849697496e-05,0.000692996717540768,2.04557919122802
80149,ENSG00000163874,ZC3H12A,zinc finger CCCH-type containing 12A,1.05621982113057,-0.0461234148798141,4.39827503487532,3.59942585546091e-05,0.000693251349748825,2.05807568022869
7475,ENSG00000115596,WNT6,Wnt family member 6,1.15569112574861,-0.910046789079264,4.39410513261093,3.65458865888183e-05,0.000697641229195937,1.94981480832502
55301,ENSG00000152463,OLAH,oleoyl-ACP hydrolase,1.05654190114365,-1.15791195445189,4.38910038833826,3.72187704953628e-05,0.000704248412393379,1.89497443979383
2572,ENSG00000136750,GAD2,glutamate decarboxylase 2,-1.26011787432427,5.26144675242357,-4.38756456801715,3.74276554387088e-05,0.000705855508011657,1.98748118986441
158062,ENSG00000267206,LCN6,lipocalin 6,1.4792276689609,-1.75801995161939,4.38340910695571,3.79985419852799e-05,0.000712125719014567,1.78584787571975
23166,ENSG00000010327,STAB1,stabilin 1,1.17146438064291,4.61067828630851,4.3793764255806,3.8560618037261e-05,0.000715812609766622,1.95739699637831
112267960,,KCNQ5-DT,KCNQ5 divergent transcript,-1.69914792667272,-0.551164226522851,-4.36921741184724,4.00125019285301e-05,0.00073018580996078,1.81983788898838
283755,ENSG00000290376,HERC2P3,HERC2 pseudogene 3,1.05560733767887,6.09207528620104,4.36791693219742,4.02021393110788e-05,0.000731787589892205,1.92246634732757
105379549,,LOC105379549,uncharacterized LOC105379549,1.1904798652353,-1.85084259419583,4.36666790980166,4.03850920970653e-05,0.000733475084060497,1.71153744242599
729041,,FAAHP1,fatty acid amide hydrolase pseudogene 1,1.26035769493091,0.101255230026313,4.34881471731619,4.30899277725764e-05,0.000766865502357198,1.91554208190302
116844,ENSG00000171236,LRG1,leucine rich alpha-2-glycoprotein 1,1.70234450850804,-1.8456092472671,4.3439891922768,4.38506058120113e-05,0.000774285154305319,1.66013930665925
4495,ENSG00000125144,MT1G,metallothionein 1G,1.15186114985628,4.59789695181844,4.34340891185966,4.394294963139e-05,0.000775006915266545,1.83499726176613
29881,ENSG00000015520,NPC1L1,NPC1 like intracellular cholesterol transporter 1,1.85407424822985,-1.73774070015074,4.3411907961844,4.42976703132047e-05,0.000778079372934139,1.67591656638543
151648,ENSG00000129810,SGO1,shugoshin 1,1.25893570644997,-1.23662423618959,4.33356550735243,4.55383625099622e-05,0.000793374125237732,1.72225040239427
6512,ENSG00000162383,SLC1A7,solute carrier family 1 member 7,1.61383289261509,0.755947824907112,4.33147959904622,4.58835697803919e-05,0.000796201848556366,1.89637806503297
9080,ENSG00000213937,CLDN9,claudin 9,1.12160233733362,1.75497378518118,4.32933134873626,4.62417400581168e-05,0.000799841076831889,1.9017449393057
51365,ENSG00000144837,PLA1A,phospholipase A1 member A,1.49933677809924,1.39395777930073,4.32813805890493,4.644185999032e-05,0.000801373071666435,1.89801107401755
152573,ENSG00000178343,SHISA3,shisa family member 3,1.0702268471581,-0.12905139374873,4.32759192106226,4.65337289117546e-05,0.000802315940404908,1.82870083095838
105372522,ENSG00000182621,LOC105372522,uncharacterized LOC105372522,-1.11552322801749,-0.977974086309574,-4.32017378962864,4.77991186796767e-05,0.000815489837056392,1.63490881007494
1404,ENSG00000145681,HAPLN1,hyaluronan and proteoglycan link protein 1,-1.0304862767527,1.5134063540387,-4.31618094125569,4.8493933946744e-05,0.000822945877496241,1.85283441238679
105372631,,LOC105372631,uncharacterized LOC105372631,1.26653329750608,-0.744473097542341,4.30263314772055,5.09250010380764e-05,0.000847302257583732,1.69327406473741
3059,ENSG00000180353,HCLS1,hematopoietic cell-specific Lyn substrate 1,1.1201234627047,3.26091973672018,4.30262663091197,5.09261983179626e-05,0.000847302257583732,1.76022206695161
1052,ENSG00000221869,CEBPD,CCAAT enhancer binding protein delta,1.05361298154584,4.6088700792726,4.30217921212062,5.10084640186706e-05,0.00084759785391703,1.69449312810754
105379274,,LOC105379274,uncharacterized LOC105379274,1.33864357156763,-1.75078196801869,4.28316678987708,5.46254519148317e-05,0.000887848974108939,1.48676293614786
64579,ENSG00000138653,NDST4,N-deacetylase and N-sulfotransferase 4,-1.04736168414726,-1.16501348339406,-4.27619824727373,5.60122682942934e-05,0.000899338703088281,1.47647715123842
729968,,LOC729968,spore coat protein SP96,1.13657079075026,-0.64761135810456,4.264587347258,5.83988651509246e-05,0.000925450251274065,1.58503470485628
11326,ENSG00000155659,VSIG4,V-set and immunoglobulin domain containing 4,1.64475668203027,2.47101670622105,4.26263021035523,5.88107088191829e-05,0.000928562927817604,1.66307221151498
101927354,ENSG00000230825,LINC03016,long intergenic non-protein coding RNA 3016,1.04136013485785,-2.15044975781541,4.24787255459999,6.20078111084702e-05,0.000965601405353865,1.30629652590635
3566,ENSG00000077238,IL4R,interleukin 4 receptor,1.25280509831413,3.81677818392899,4.24719165827549,6.21593011817913e-05,0.000965866805385701,1.54348061323259
158830,ENSG00000204165,CXorf65,chromosome X open reading frame 65,1.01991744690423,0.780398471977619,4.22019985221888,6.8461072526104e-05,0.00101864443603552,1.54000347562118
8676,ENSG00000135604,STX11,syntaxin 11,1.13741135836216,-0.603744896350612,4.2176831203575,6.90791285976792e-05,0.00102463412218664,1.44707010268667
654816,ENSG00000290838,NCF1B,neutrophil cytosolic factor 1B (pseudogene),1.04301895998339,-0.769975019269799,4.20916531848516,7.12111310833569e-05,0.00104321671684529,1.40236024115985
978,ENSG00000158825,CDA,cytidine deaminase,1.11834847316173,0.224556746038266,4.2005956017794,7.34201424834421e-05,0.00105772119706092,1.45693718496795
6343,ENSG00000070031,SCT,secretin,1.38289647374925,-1.97180881527392,4.19867335649897,7.39246408640796e-05,0.00106254931865848,1.20839403338408
102216268,ENSG00000260492,CISTR,chondrogenesis-associated transcript,-1.06964316891638,-1.97534823124197,-4.17105409920297,8.15531957708321e-05,0.00112596699247468,1.03011787651526
105748977,ENSG00000227764,NTRAS,non-coding transcript regulating alternative splicing,1.59714461815304,-2.71235383606597,4.16406758094974,8.36000409107637e-05,0.00114396703600557,1.00779321164567
646424,ENSG00000229453,SPINK8,serine peptidase inhibitor Kazal type 8 (putative),1.27634671804755,-1.80655464790214,4.15872426038894,8.51988114469056e-05,0.00115557255148125,1.11737673354593
1580,ENSG00000142973,CYP4B1,cytochrome P450 family 4 subfamily B member 1,1.35343711051531,-1.47518700307091,4.15815604710089,8.53705496373047e-05,0.00115717363885735,1.16761271767915
84689,ENSG00000166928,MS4A14,membrane spanning 4-domains A14,1.01317476484166,0.463826154397314,4.1539390794133,8.66555653255297e-05,0.00117090955730145,1.32172487341536
5475,ENSG00000086717,PPEF1,protein phosphatase with EF-hand domain 1,-1.20642933047041,1.71896087868384,-4.15243960133753,8.71169714201482e-05,0.00117273264712494,1.33205235835186
94121,ENSG00000102362,SYTL4,synaptotagmin like 4,1.13597130837309,2.74902908391266,4.14689740248185,8.88430050936728e-05,0.00118560027602405,1.27398709282159
653361,ENSG00000158517,NCF1,neutrophil cytosolic factor 1,1.0427906848823,0.0450916643782786,4.14505045539958,8.94254956157963e-05,0.00119263507519285,1.27475768541191
2297,ENSG00000251493,FOXD1,forkhead box D1,1.08615558630364,0.268281279610564,4.13861063469478,9.14854129315215e-05,0.00121087861587059,1.26675268954439
339256,ENSG00000291195,NOS2P3,nitric oxide synthase 2 pseudogene 3,1.37179146082577,-0.336801518447679,4.12868326634436,9.47507310050658e-05,0.00124062439527411,1.20357458253218
101926975,ENSG00000236714,LINC01844,long intergenic non-protein coding RNA 1844,-1.09790044279981,-0.845965774105264,-4.12453643014874,9.61477045541585e-05,0.00124905083095312,1.08063147882024
2571,ENSG00000128683,GAD1,glutamate decarboxylase 1,-1.0447892151946,6.31756912034823,-4.11596013642474,9.91000752408084e-05,0.00127815967779168,1.07293527823084
400591,ENSG00000197322,TMEM132E-DT,TMEM132E divergent transcript,-1.14561608152815,1.36646770219652,-4.112509112588,0.000100312553047692,0.00128610121551687,1.20283763447572
89857,ENSG00000172578,KLHL6,kelch like family member 6,1.15491378223494,-0.264206034437344,4.11083573179286,0.000100905606995458,0.00129015336304738,1.15220746473564
114036,ENSG00000227456,LINC00310,long intergenic non-protein coding RNA 310,1.13746655657387,-1.86224183945519,4.11034310575869,0.000101080838273732,0.001290664281983,0.968977518687845
140,ENSG00000282608,ADORA3,adenosine A3 receptor,1.11387930639666,1.76160824936141,4.10018818520993,0.000104758990914664,0.0013249799132587,1.16140643597233
2834,ENSG00000119973,PRLHR,prolactin releasing hormone receptor,-1.30278968999054,-0.146291349470433,-4.09763065135552,0.000105705458525074,0.00133381969679883,1.0736374544509
105373328,,LOC105373328,uncharacterized LOC105373328,-1.43856233199555,-0.302214233003865,-4.09412711490241,0.000107015385203874,0.00134327057770175,1.04282410696346
3162,ENSG00000100292,HMOX1,heme oxygenase 1,1.01677237391834,2.64884278206551,4.08980794428292,0.000108651781675107,0.00135906163590361,1.09502925048384
64231,ENSG00000110077,MS4A6A,membrane spanning 4-domains A6A,1.36625622292105,1.89833344848369,4.08710663001153,0.000109687437253431,0.00137122021327491,1.11545366094673
54440,ENSG00000122122,SASH3,SAM and SH3 domain containing 3,1.05023419973835,1.40220246440643,4.08638004626824,0.000109967619271926,0.00137312985547425,1.12329847547094
126364,ENSG00000175489,LRRC25,leucine rich repeat containing 25,1.12916367871664,-0.310617680468243,4.0856673114558,0.000110243130083801,0.00137418157291271,1.07294242068991
462,ENSG00000117601,SERPINC1,serpin family C member 1,1.09446915297438,-1.62943518492319,4.07613877294962,0.00011399083893496,0.0014054522658617,0.9051015461528
5865,ENSG00000169213,RAB3B,"RAB3B, member RAS oncogene family",-1.0466677734785,3.7597633570658,-4.06396956045401,0.000118955698420537,0.00143385526418312,0.975737400020786
100132159,,CALML3-AS1,CALML3 antisense RNA 1,-1.26997855093946,-1.15176308733938,-4.05842651402236,0.000121285529550375,0.00145491199359214,0.840452086673267
105377321,ENSG00000272856,SCPPPQ1,secretory calcium-binding phosphoprotein proline-glutamine rich 1,-1.00825388425719,-1.84325692735188,-4.04297739997543,0.000128012973522852,0.00150350714188801,0.700844735391902
3852,ENSG00000186081,KRT5,keratin 5,-1.74853644229566,0.113057041183111,-4.02164237466319,0.000137895839142664,0.00158672243737464,0.857895573375178
105377585,,LINC02427,long intergenic non-protein coding RNA 2427,-1.11031725009306,-1.197519126868,-4.02043183888615,0.000138478033655768,0.00159172191005286,0.73058482647102
3606,ENSG00000150782,IL18,interleukin 18,1.0635068884635,0.945547265497549,4.01246065797446,0.000142371092116108,0.00162176626706467,0.893739277092721
26659,ENSG00000188269,OR7A5,olfactory receptor family 7 subfamily A member 5,1.88808552124179,-0.393253381197695,4.0039754336482,0.000146630685284891,0.0016528161763912,0.829047296841353
116,ENSG00000141433,ADCYAP1,adenylate cyclase activating polypeptide 1,-1.19883567922604,3.502825749376,-4.0016914943679,0.000147797974043615,0.00165989678821677,0.796557718695331
101929261,ENSG00000250668,LINC02123,long intergenic non-protein coding RNA 2123,1.04495735651747,-1.56044785445083,4.0000248547493,0.00014865539739364,0.00166537153385499,0.695617224974948
100507117,ENSG00000280543,ASAP1-IT2,ASAP1 intronic transcript 2,1.18052826827419,-2.00041449416589,3.99999304406898,0.0001486718091656,0.00166537153385499,0.638305324247454
23783,,ANKRD62P1-PARP4P3,"ANKRD62P1-PARP4P3 readthrough, transcribed pseudogene",1.11760045558058,-2.291939372016,3.98265439240593,0.000157880954529563,0.00174226847517724,0.54350867023645
105373883,,LOC105373883,uncharacterized LOC105373883,1.12303561591569,-1.59172328843262,3.97443092239719,0.000162437878070544,0.00177348589066685,0.621756838674193
3903,ENSG00000167613,LAIR1,leukocyte associated immunoglobulin like receptor 1,1.06072990538214,2.49327531764871,3.96929434136197,0.000165348020867804,0.0017915185615694,0.718854655903694
10205,ENSG00000149573,MPZL2,myelin protein zero like 2,1.46980148248217,0.819598228969056,3.96804147860973,0.000166065387950904,0.00179400563464556,0.757092622682254
401491,ENSG00000236404,VLDLR-AS1,VLDLR antisense RNA 1,-1.14447305233388,-1.44835881751638,-3.96300559973063,0.000168979091247349,0.00181637774292412,0.539010409221149
4556,,TRNE,tRNA-Glu,1.08097432711055,6.61339068516877,3.95532092573469,0.000173520106153379,0.00185225622972641,0.57381899825256
118471,ENSG00000165828,PRAP1,proline rich acidic protein 1,-1.03025059809593,-1.6310959942836,-3.9520532790937,0.000175486293137762,0.00186493125725101,0.481675277345605
54502,ENSG00000163694,RBM47,RNA binding motif protein 47,1.16617713032166,-0.107943625256772,3.95125627809838,0.000175969091892331,0.0018682196396372,0.682967825086693
643783,ENSG00000248866,USP46-DT,USP46 divergent transcript,-1.04796405365999,-0.575001629168337,-3.94407063913375,0.000180379846913269,0.00189914336134576,0.592199458609492
729799,ENSG00000213693,SEC14L1P1,SEC14 like 1 pseudogene 1,-1.08594353163857,-1.46766191857271,-3.94338653495327,0.000180805255378323,0.00190083651898225,0.480570054481881
3678,ENSG00000161638,ITGA5,integrin subunit alpha 5,1.18137611179815,2.81955023467165,3.94063235923481,0.000182527688684523,0.00191372293337419,0.608458636749449
2564,ENSG00000102287,GABRE,gamma-aminobutyric acid type A receptor subunit epsilon,1.15723636817648,1.45561902693247,3.93659418989518,0.000185081598633213,0.00193259622758867,0.655766140873046
283120,ENSG00000130600,H19,H19 imprinted maternally expressed transcript,1.17960361495141,-0.914422243664655,3.93544659367425,0.00018581361803369,0.00193648699026213,0.583194559145662
344787,ENSG00000197385,ZNF860,zinc finger protein 860,-1.13424866238835,-0.535397803569625,-3.9164813147397,0.000198320636168574,0.00201613507108731,0.513569888249539
3689,ENSG00000160255,ITGB2,integrin subunit beta 2,1.06963630153917,3.40607754451814,3.91381724064643,0.000200140872743956,0.00202889750205914,0.484575387389286
6781,ENSG00000159167,STC1,stanniocalcin 1,2.02172055299324,0.175272791604997,3.89246776986315,0.000215317481148438,0.0021345549005111,0.520943355993149
101241892,ENSG00000281183,NPTN-IT1,NPTN intronic transcript 1,-1.53037725125143,1.76130299540244,-3.8911060394955,0.00021632199875609,0.00214352722629483,0.522123175659248
8797,ENSG00000104689,TNFRSF10A,TNF receptor superfamily member 10a,1.03069611527423,0.0204136124165777,3.87804556424029,0.000226187154257833,0.00221078709685479,0.47059090625828
8531,ENSG00000060138,YBX3,Y-box binding protein 3,1.13344093077971,4.12650189005656,3.86808840257812,0.00023399616937935,0.00226553703614724,0.293875673536881
165,ENSG00000106624,AEBP1,AE binding protein 1,1.06813256605274,5.58421689475061,3.86170914924781,0.000239134115866918,0.00230183942168995,0.246038360846899
4982,ENSG00000164761,TNFRSF11B,TNF receptor superfamily member 11b,1.23775544662569,1.0667577477791,3.8564990021969,0.000243410386674855,0.00233465983694547,0.41764566711803
100289255,ENSG00000263429,TMEM238L,transmembrane protein 238 like,1.53637574392388,-2.53195330649395,3.85180071245666,0.000247329217450659,0.00236383117272577,0.177256688849094
101928188,,LOC101928188,uncharacterized LOC101928188,1.0264282881618,-1.34245853135148,3.85114456959399,0.000247881285680029,0.00236726621205129,0.301806262235609
100506555,,NECTIN3-AS1,NECTIN3 antisense RNA 1,-1.00253364185647,-1.21494556796565,-3.83556099836735,0.000261344962116318,0.00246823252564894,0.219766503703686
105379127,,LOC105379127,uncharacterized LOC105379127,1.20792056429948,-2.37209077165659,3.83356973263133,0.000263114929117711,0.00247552004293383,0.135775119860988
714,ENSG00000159189,C1QC,complement C1q C chain,1.37810100295724,4.28736910056737,3.8334904568178,0.000263185631411555,0.00247552004293383,0.178123415954782
3137,ENSG00000290574,HLA-J,"major histocompatibility complex, class I, J (pseudogene)",1.05973421422184,0.378769997747126,3.82865876407342,0.000267529256479245,0.00250034281684332,0.333750929201431
2000,ENSG00000102034,ELF4,E74 like ETS transcription factor 4,1.04271973409437,0.160218708951677,3.82665314728924,0.000269352340580483,0.00251057630521529,0.323818787766195
26664,ENSG00000127530,OR7C1,olfactory receptor family 7 subfamily C member 1,1.44091506731678,-2.11121671529328,3.81958885721607,0.000275868783748583,0.00255611523101869,0.137470465265096
158434,ENSG00000275465,LOC158434,uncharacterized LOC158434,1.01453444161896,-0.318249413601045,3.81866842702122,0.000276728850816694,0.00256078153404954,0.28398456595162
10437,ENSG00000216490,IFI30,IFI30 lysosomal thiol reductase,1.05335097293918,2.04706941331219,3.81370307393562,0.000281412962987951,0.00258967215128792,0.259176852621623
479,ENSG00000075673,ATP12A,ATPase H+/K+ transporting non-gastric alpha2 subunit,-1.24434072854437,-2.00299344564961,-3.80298057448069,0.000291788023966394,0.00265566532623468,0.0258573745229063
10581,ENSG00000185201,IFITM2,interferon induced transmembrane protein 2,1.12652270102399,4.30361330757193,3.80188194001575,0.000292871470067936,0.00265957950385004,0.0768196189592132
713,ENSG00000173369,C1QB,complement C1q B chain,1.34813475163599,4.67565812980645,3.79707984305331,0.000297652468892027,0.00268860268632061,0.0498472175293356
125,ENSG00000196616,ADH1B,"alcohol dehydrogenase 1B (class I), beta polypeptide",1.50117874110547,0.483929569203267,3.79047846479167,0.000304346701161126,0.0027278643297918,0.222763380888161
23619,ENSG00000269699,ZIM2,zinc finger imprinted 2,-1.34109847658816,0.493437599811963,-3.78969074093213,0.000305155044149921,0.0027323230209884,0.209190839922375
6037,ENSG00000169397,RNASE3,ribonuclease A family member 3,1.54543741749726,-2.90754689379716,3.78512497704913,0.00030988086572482,0.00275745351696999,-0.0373354683113227
10894,ENSG00000133800,LYVE1,lymphatic vessel endothelial hyaluronan receptor 1,1.04562827298272,2.25825387682021,3.77525247688851,0.000320339587648734,0.0028186323931959,0.131330701796793
2212,ENSG00000143226,FCGR2A,Fc gamma receptor IIa,1.14714776784332,2.51352315813851,3.77435853998058,0.000321303072694911,0.00282181084870445,0.111873085886212
6121,ENSG00000116745,RPE65,retinoid isomerohydrolase RPE65,-1.51771950312376,-2.11768157219926,-3.76943567847752,0.000326658706236349,0.00284795648738099,-0.0773810222647358
9021,ENSG00000184557,SOCS3,suppressor of cytokine signaling 3,1.81971465144724,2.88238051289089,3.7690280907469,0.000327105925552074,0.00285070234836162,0.0667961627810323
2215,ENSG00000162747,FCGR3B,Fc gamma receptor IIIb,1.26192762778569,-0.740965006512916,3.76766901056325,0.000328601383424078,0.00285842713144951,0.117990121736086
53831,ENSG00000139572,GPR84,G protein-coupled receptor 84,1.11402338160892,-0.955626698238844,3.74596219874816,0.000353389287483308,0.00299665490521087,0.0424546180483381
100132813,,SYBU-AS1,SYBU antisense RNA 1,-1.09562315832532,-0.0188966595138848,-3.73625843412407,0.00036503852098036,0.00306688463180981,0.0390374424092315
105376611,,LOC105376611,uncharacterized LOC105376611,-1.06922405516402,-1.17137318181665,-3.72000523410693,0.000385375016402871,0.00319078077353618,-0.0900765769064042
105374140,,LOC105374140,uncharacterized LOC105374140,-1.04242458439793,-2.01958325749316,-3.70891782694496,0.000399862880307506,0.0032603513688832,-0.215509706144347
3875,ENSG00000111057,KRT18,keratin 18,1.44903831580052,-0.876008881612522,3.70859422704221,0.00040029342654012,0.00326043988238574,-0.0538880078182897
729648,,ZNF812P,"zinc finger protein 812, pseudogene",1.08966185070761,-1.77577039654505,3.70822558869505,0.000400784434311221,0.00326320594192499,-0.13214521798655
6275,ENSG00000196154,S100A4,S100 calcium binding protein A4,1.11049517293134,0.616118201592647,3.70307111362326,0.000407710347709929,0.00329965205176282,-0.0329432453334961
10410,ENSG00000142089,IFITM3,interferon induced transmembrane protein 3,1.00264816629319,6.35684144205254,3.70128826762116,0.000410132341297402,0.0033155184619811,-0.233351322140892
1026,ENSG00000124762,CDKN1A,cyclin dependent kinase inhibitor 1A,1.09531344911749,4.19021230346477,3.69740780453762,0.000415451426091868,0.00334721836827363,-0.240855729860235
105378732,ENSG00000225675,LRP8-DT,LRP8 divergent transcript,-1.1043336791979,-1.20473915685032,-3.6929698300738,0.000421615277624595,0.00337919392464309,-0.169438245859256
140679,ENSG00000101438,SLC32A1,solute carrier family 32 member 1,-1.2347349911507,3.29164927760896,-3.68479155990528,0.000433202875244446,0.00345408374667713,-0.173199812138926
718,ENSG00000125730,C3,complement C3,1.05547763547608,5.78472880211002,3.66590064969016,0.000461139419636815,0.00361925592571473,-0.358972659892815
5265,ENSG00000197249,SERPINA1,serpin family A member 1,1.32795479357762,1.87478156648913,3.65880256799047,0.000472073035915753,0.00367960870526449,-0.20044008741796
101927320,ENSG00000234497,ERICH3-AS1,ERICH3 antisense RNA 1,-1.51972544493735,-1.81689614221868,-3.6580968204493,0.000473173527293103,0.00368582505991492,-0.336255089128379
1392,ENSG00000147571,CRH,corticotropin releasing hormone,-1.78313933232759,1.16195185784322,-3.65142250638566,0.000483702389212202,0.00372930080157538,-0.181322652642207
387700,ENSG00000152779,SLC16A12,solute carrier family 16 member 12,1.54539599831335,-2.01766218189706,3.64890968342968,0.00048772388097173,0.00375274012235014,-0.307164609290235
3240,ENSG00000257017,HP,haptoglobin,1.42640346118899,-0.812297399088946,3.64777604763489,0.000489548532386996,0.00376274963266923,-0.218600279696118
85477,ENSG00000006747,SCIN,scinderin,1.32540032044033,1.9219288265065,3.63862329949997,0.00050452013287216,0.00384452419866057,-0.262441513763145
85397,ENSG00000135824,RGS8,regulator of G protein signaling 8,-1.14977173603142,2.21423109485796,-3.6377981566776,0.000505891053249577,0.00384855770548355,-0.251352780581827
3383,ENSG00000090339,ICAM1,intercellular adhesion molecule 1,1.01632790113936,2.29088372092122,3.62615450615453,0.000525617932445859,0.00395949586860299,-0.31826951568086
101929326,,LOC101929326,uncharacterized LOC101929326,1.36818960067899,-2.46768200680671,3.59194898299889,0.000587886659972619,0.00428624265755409,-0.501616968210468
642934,ENSG00000285972,CERNA2,competing endogenous lncRNA 2 for microRNA let-7b,1.78031397370677,-2.72063842134479,3.58998879727905,0.000591659450819479,0.00430501164215443,-0.513754228781255
51129,ENSG00000167772,ANGPTL4,angiopoietin like 4,1.19815374661604,4.48712257210058,3.58076420097198,0.000609724930380466,0.00440227527623444,-0.608313412452331
29984,ENSG00000173156,RHOD,ras homolog family member D,1.00089324056466,-0.688748120437142,3.56119237327608,0.000649803604380698,0.00459769116270939,-0.453605239104075
155006,ENSG00000214128,TMEM213,transmembrane protein 213,1.11740881821147,-2.29878890669745,3.55509956747488,0.000662782163842234,0.00466349369739727,-0.585096366612988
79083,ENSG00000115648,MLPH,melanophilin,1.16331562047976,-0.858490210548139,3.55220502203892,0.000669033772761812,0.00469674784057412,-0.483900610344707
105375726,ENSG00000253972,MAL2-AS1,MAL2 antisense RNA 1,-1.25958232505533,2.01169886759635,-3.54491091870569,0.000685036492645552,0.0047810578010029,-0.510486723028966
929,ENSG00000170458,CD14,CD14 molecule,1.01727367143515,3.62774803314035,3.54411435705685,0.000686805910310377,0.00479185528617975,-0.665408928254012
3127,ENSG00000198502,HLA-DRB5,"major histocompatibility complex, class II, DR beta 5",1.28957304886693,2.21030016630666,3.53612571422936,0.000704792544414087,0.00488571531592551,-0.580115451784681
105371880,,LOC105371880,uncharacterized LOC105371880,1.25665353626224,-1.61603285206429,3.51313112933052,0.000759090925158902,0.00515634736813198,-0.630368247899639
105369588,ENSG00000285735,LINC02717,long intergenic non-protein coding RNA 2717,-1.66152585402403,-2.20162655634809,-3.50145151220513,0.000788165783386574,0.00529670999798798,-0.763246574803841
102724473,ENSG00000215274,GAGE10,G antigen 10,1.05114923142833,-2.49765599996596,3.49920056969884,0.000793889080634021,0.00532189656790806,-0.745887528309138
100129464,,LINC01546,long intergenic non-protein coding RNA 1546,1.10980743793323,-1.5008980858943,3.4926405506158,0.000810794020165779,0.00540161753403798,-0.678730842951801
105370917,,LOC105370917,uncharacterized LOC105370917,-1.09432451406316,1.23584794560498,-3.48845680262801,0.00082175275658693,0.00545103582947415,-0.646415014972683
6556,ENSG00000018280,SLC11A1,solute carrier family 11 member 1,1.23289935413739,2.50763300381718,3.4869546954577,0.00082572140633633,0.00546894522106963,-0.743801393485516
3067,ENSG00000140287,HDC,histidine decarboxylase,-1.1760919078832,-2.2156339852085,-3.47575652300225,0.000855884421708443,0.00562207286091446,-0.82560332233814
10538,ENSG00000156127,BATF,basic leucine zipper ATF-like transcription factor,1.32492312707709,-2.53962688310319,3.46537237145627,0.000884783808671883,0.00576153886642354,-0.825142029057692
5104,ENSG00000188488,SERPINA5,serpin family A member 5,1.49354283854468,-1.41995700134895,3.45816139180312,0.000905392506144191,0.00583174515613258,-0.758272978333874
7425,ENSG00000128564,VGF,VGF nerve growth factor inducible,-1.20263962577077,5.08604702382312,-3.44937404079476,0.000931120094848477,0.00594952370787852,-0.995442535118679
8061,ENSG00000175592,FOSL1,"FOS like 1, AP-1 transcription factor subunit",1.23590074853191,-0.869164159464462,3.44433492969448,0.00094618377672728,0.00601499283763907,-0.772080896190293
388125,ENSG00000205502,C2CD4B,C2 calcium dependent domain containing 4B,1.4238492225899,-1.56315894372982,3.42899147968056,0.000993481541772224,0.00622246852318366,-0.843225221046851
6863,ENSG00000006128,TAC1,tachykinin precursor 1,-1.22369766692529,3.09281039123535,-3.42328105751836,0.0010116480667878,0.00631057572660223,-0.926241813351933
27287,ENSG00000151650,VENTX,VENT homeobox,1.18333744023237,-0.542025223206841,3.42218711251422,0.00101516384108491,0.00632692296283352,-0.823195154697365
105373390,ENSG00000237720,LOC105373390,uncharacterized LOC105373390,-1.1649993012165,1.35937423852647,-3.42210041918015,0.00101544295324987,0.00632692296283352,-0.833548061120045
164656,ENSG00000187045,TMPRSS6,transmembrane serine protease 6,1.03218457988508,-1.69966249767704,3.41973843439709,0.00102307538635551,0.00636160436432024,-0.879485062228398
100874212,ENSG00000236051,MYCBP2-AS1,MYCBP2 antisense RNA 1,-1.01417291858745,1.5795823913722,-3.41863379799281,0.0010266634300823,0.00638119302363455,-0.852613789126464
9518,ENSG00000130513,GDF15,growth differentiation factor 15,1.36808957178019,-1.38603864402862,3.41849537376716,0.00102711389193524,0.00638119302363455,-0.861358485931547
118932,ENSG00000152766,ANKRD22,ankyrin repeat domain 22,1.50765615970866,-2.10141548087004,3.41313153790293,0.00104471336715748,0.00643642887070634,-0.919585710561571
105370844,,LOC105370844,uncharacterized LOC105370844,1.27086072710758,-1.10295787660296,3.40540055179704,0.00107058126271902,0.00655487709492057,-0.882899581223895
105375674,,LINC03044,long intergenic non-protein coding RNA 3044,-1.0159885935147,-0.991549197896241,-3.40031105085239,0.00108793944040662,0.00664040521655155,-0.915784059903259
1591,ENSG00000019186,CYP24A1,cytochrome P450 family 24 subfamily A member 1,-1.169726054222,-1.38729708290645,-3.39991406320291,0.00108930450718969,0.00664685468260258,-0.945464147815717
27180,ENSG00000129450,SIGLEC9,sialic acid binding Ig like lectin 9,1.26072455939301,-0.216804187120157,3.3956165412995,0.00110418561217891,0.00671295015900702,-0.890882934632846
388697,ENSG00000197915,HRNR,hornerin,-1.24648428533285,-1.88117724990554,-3.35334426623047,0.00126114298388053,0.00736988980167929,-1.10020974725442
102191832,ENSG00000270751,FBXW7-AS1,FBXW7 antisense RNA 1,-1.10307377659579,1.09211552489726,-3.35220833855954,0.00126563752978699,0.00739214635283721,-1.01800142994882
124602,ENSG00000196169,KIF19,kinesin family member 19,1.17452655215744,3.60931041236067,3.35156493555277,0.0012681899828902,0.00740055004709233,-1.22434154926372
241,ENSG00000132965,ALOX5AP,arachidonate 5-lipoxygenase activating protein,1.05711998160109,1.63137866714015,3.34416194120683,0.00129790944826682,0.00751610286697037,-1.08587726173777
23430,ENSG00000095917,TPSD1,tryptase delta 1,1.24802227857106,-0.625842970274703,3.34150176809364,0.0013087480224117,0.00756847665379809,-1.03738698487092
721,ENSG00000224389,C4B,complement C4B (Chido/Rodgers blood group),1.07174893115464,5.50870868365808,3.33870415805973,0.0013202384694524,0.00762222863478119,-1.33212291833026
100169890,,PEG3-AS1,PEG3 antisense RNA 1,-1.08980991981219,3.06140973144322,-3.33688879292152,0.00132774534161978,0.00765736355434559,-1.17180979257407
105372704,,LOC105372704,uncharacterized LOC105372704,1.00937232135228,-0.696851487034986,3.33044638830905,0.0013547114555123,0.00776515379675288,-1.06773481840054
728084,ENSG00000246363,LINC02458,long intergenic non-protein coding RNA 2458,-1.06211634499089,0.590145179801803,-3.31907285634873,0.0014035802256192,0.00796261148263882,-1.09668347610556
3514,ENSG00000211592,IGKC,immunoglobulin kappa constant,1.58080918519403,-1.497081320825,3.31775894387412,0.00140933138540198,0.00797634191653976,-1.12241042909194
4498,ENSG00000290662,MT1JP,"metallothionein 1J, pseudogene",1.56583386917976,-1.65744120448286,3.31422683884345,0.00142490193666233,0.00803239436667227,-1.13840825683787
6510,ENSG00000105281,SLC1A5,solute carrier family 1 member 5,1.0769946955013,1.39563579707808,3.30355606652112,0.0014729302776788,0.00822185789809209,-1.18442900453809
107984543,,LOC107984543,uncharacterized LOC107984543,-1.12097472693048,-2.49846713308049,-3.30200237124729,0.00148004898398888,0.00825090939030738,-1.26113032172255
2559,ENSG00000145863,GABRA6,gamma-aminobutyric acid type A receptor subunit alpha6,-1.4208344540473,-0.718338865910346,-3.30101109530455,0.00148460768989198,0.00827418281162452,-1.16093763372537
100873947,ENSG00000232832,LMLN-AS1,LMLN antisense RNA 1,-1.00870449768804,-0.758872277599509,-3.29634021046455,0.00150626646399861,0.00836030255784135,-1.1694326515123
720,ENSG00000244731,C4A,complement C4A (Chido/Rodgers blood group),1.03197355861,5.50544566234317,3.28154707447389,0.00157683775879278,0.00862757232229041,-1.49518825508425
1440,ENSG00000108342,CSF3,colony stimulating factor 3,2.1389950407398,-2.17393766626065,3.26756706634843,0.00164637424710317,0.0088986867052449,-1.27590171683319
105372270,,LOC105372270,uncharacterized LOC105372270,1.05021379397788,-1.06644441296361,3.26351491476161,0.00166706158610271,0.00897539627871238,-1.24698487084753
107986980,ENSG00000254101,LINC02055,long intergenic non-protein coding RNA 2055,-1.14325460818338,-2.29399507114577,-3.25816775138516,0.00169473387924916,0.00909031970273218,-1.3531075713423
374383,ENSG00000188211,NCR3LG1,natural killer cell cytotoxicity receptor 3 ligand 1,-1.1231411758404,2.35438454531474,-3.25468983037244,0.00171296334193305,0.00915846835657184,-1.34430018081805
102724834,,LINC02822,long intergenic non-protein coding RNA 2822,-1.34507464449294,-0.799947290806277,-3.24067056070713,0.00178832699990171,0.00945323124456072,-1.3139889769554
219578,ENSG00000182348,ZNF804B,zinc finger protein 804B,-1.30832372762724,-2.34546145834443,-3.22319887898552,0.00188660361610693,0.00984029069078814,-1.43788599407832
642597,ENSG00000231824,AKAIN1,A-kinase anchor inhibitor 1,-1.07273639579455,-0.09246301923365,-3.22215108394179,0.00189265536480361,0.00986230861272904,-1.34526546694261
6036,ENSG00000169385,RNASE2,ribonuclease A family member 2,1.48658302630091,-1.29549065859485,3.22153632977525,0.00189621446207041,0.00987369270029993,-1.3564015676742
597,ENSG00000140379,BCL2A1,BCL2 related protein A1,1.38767529614632,-1.92511626194024,3.21437965663355,0.00193811183627264,0.0100288555141761,-1.39909019945119
105375161,,LOC105375161,uncharacterized LOC105375161,-1.18200213057177,0.267635640566264,-3.2090910549069,0.00196962844737951,0.010143233523996,-1.37946702207421
793,ENSG00000104327,CALB1,calbindin 1,-1.07954103334115,3.6908836032308,-3.20119576361632,0.00201757350643249,0.0103308967000791,-1.60479818979629
105374056,,LOC105374056,uncharacterized LOC105374056,1.14609088446771,-0.0435528854814071,3.1997129397963,0.00202669913319355,0.0103653108017531,-1.40735081470157
8857,ENSG00000275395,FCGBP,Fc gamma binding protein,1.27035440879224,3.20430566237273,3.19632011060642,0.00204772491499948,0.0104505250693983,-1.62373245933421
105370676,,LINC02320,long intergenic non-protein coding RNA 2320,-1.09906437785195,-2.21808227073414,-3.1956760314858,0.00205173934170391,0.0104565204698304,-1.49421752269606
105373002,,LOC105373002,uncharacterized LOC105373002,1.34746486501484,-2.38456538743388,3.19476768684014,0.00205741340832326,0.0104733805003489,-1.47136352983967
112267910,,LOC112267910,"NACHT, LRR and PYD domains-containing protein 10-like",-1.13569818652638,-2.64330614646483,-3.1796229550125,0.00215420695809015,0.0108450054568463,-1.55113753965236
101928087,ENSG00000277332,LOC101928087,uncharacterized LOC101928087,-1.39649088919394,-2.38735110892291,-3.16827745268153,0.00222949180176113,0.0111098282801285,-1.56651065758858
3501,ENSG00000211893,IGHG2,immunoglobulin heavy constant gamma 2 (G2m marker),1.6310053404319,-2.96081521001594,3.16608589398791,0.00224431481849685,0.0111656216454857,-1.56115941233596
101928505,ENSG00000287709,LOC101928505,uncharacterized LOC101928505,-1.1163812461817,-2.00178834835233,-3.15387261372417,0.00232862290121248,0.0114424260754517,-1.57977702726418
563,ENSG00000160862,AZGP1,"alpha-2-glycoprotein 1, zinc-binding",1.05346002036839,2.97791736286333,3.15370919421798,0.00232977078895591,0.0114454570420738,-1.71697890014508
5122,ENSG00000175426,PCSK1,proprotein convertase subtilisin/kexin type 1,-1.09037725186895,5.17955071047238,-3.14656041534604,0.00238050559864845,0.0116126429746653,-1.85862104376189
93432,ENSG00000257743,MGAM2,maltase-glucoamylase 2 (putative),1.07992947771044,-2.41932728629113,3.14284711133607,0.00240726432512783,0.011695527667979,-1.59917989481518
440482,ENSG00000290972,ANKRD20A5P,"ankyrin repeat domain 20 family member A5, pseudogene",-1.12095908619013,0.560343993756217,-3.13198062381052,0.00248719265426298,0.0119619079184746,-1.58201325061474
6279,ENSG00000143546,S100A8,S100 calcium binding protein A8,1.59917892934943,0.639398926848814,3.12429016404212,0.00254524933947776,0.0121495490065171,-1.62580812568501
266743,ENSG00000174576,NPAS4,neuronal PAS domain protein 4,-1.49647981757683,0.50808157989254,-3.12338899363724,0.0025521346029492,0.0121716319899892,-1.60018229272958
105371076,,LOC105371076,uncharacterized LOC105371076,1.12902451681004,-2.23785923301646,3.12088019191399,0.00257139438887864,0.0122310412436458,-1.63986134320669
100302174,ENSG00000283867,MIR1307,microRNA 1307,-1.07125442777531,-1.66641840066897,-3.12064418947604,0.00257321311373303,0.0122342574513951,-1.63739167722681
3569,ENSG00000136244,IL6,interleukin 6,1.49163786026433,-1.19285449740621,3.117480659782,0.00259770862882811,0.0123018713180627,-1.61074281759091
344758,ENSG00000174948,GPR149,G protein-coupled receptor 149,-1.11988854738412,-0.625049458087623,-3.11070136624842,0.00265093564920525,0.0124631714085758,-1.62725166549422
51316,ENSG00000145287,PLAC8,placenta associated 8,1.13992537386623,-1.28245535650576,3.10259622777991,0.00271590693087492,0.0126818185854448,-1.64894212082764
9173,ENSG00000115602,IL1RL1,interleukin 1 receptor like 1,2.29798173582109,0.821829671341745,3.09646228182439,0.0027660605066911,0.0128382375466384,-1.71047757660288
401190,ENSG00000186479,RGS7BP,regulator of G protein signaling 7 binding protein,-1.03504423545533,4.09623739335091,-3.09460262202004,0.00278143549945146,0.0128831931837907,-1.93180800897489
101927019,,LOC101927019,uncharacterized LOC101927019,-1.0087566207532,-0.0570041411943316,-3.09036039110944,0.00281680725173995,0.012985632061925,-1.67618977260534
2214,ENSG00000203747,FCGR3A,Fc gamma receptor IIIa,1.04883600646102,3.70454380668766,3.08560478177546,0.00285695756892931,0.0131218673856169,-1.96755251460123
105371967,ENSG00000266401,DLGAP1-AS6,DLGAP1 antisense RNA 6,-1.03500019441096,-0.586684765110953,-3.07792720730304,0.00292290390588176,0.0133406236720804,-1.70632115991442
3360,ENSG00000164270,HTR4,5-hydroxytryptamine receptor 4,-1.11093351635237,-0.357575045625646,-3.06698995358577,0.00301929981120657,0.0136750755138283,-1.73194137653864
116437,ENSG00000204603,LINC01257,long intergenic non-protein coding RNA 1257,-1.29704674536493,-2.40223092842533,-3.05357757260029,0.00314154823408148,0.0141202601753752,-1.82661195087948
105378256,,LOC105378256,uncharacterized LOC105378256,-1.46694329904729,-1.15256658664232,-3.05175050341037,0.00315855306765345,0.0141759966085104,-1.78235818270206
105369543,,LOC105369543,uncharacterized LOC105369543,-1.23759044595044,-0.202055729632278,-3.04300187122279,0.00324117069973645,0.0144385512444646,-1.79053865243442
286753,ENSG00000184811,TRARG1,trafficking regulator of GLUT4 (SLC2A4) 1,1.11699084843666,-0.606261506875286,3.03978529286599,0.00327204826029328,0.0145391360309607,-1.79979060294016
112268101,,LOC112268101,uncharacterized LOC112268101,-1.6017636622394,-0.384527764741741,-3.03392436236606,0.00332901431222946,0.0147142978788288,-1.8121358749699
693213,ENSG00000283891,MIR628,microRNA 628,-1.20334790153519,-0.583926043227016,-3.01988944296155,0.00346919494470077,0.0151975578849092,-1.84600098263796
285987,,DLX6-AS1,DLX6 antisense RNA 1,-1.57698613050677,-0.747935282065731,-3.01718339559188,0.00349684545274081,0.0152961260802659,-1.85516648542732
133,ENSG00000148926,ADM,adrenomedullin,1.01848498086373,2.4218046251697,3.01402148335682,0.00352941317347849,0.0154062608053841,-2.03232878978277
6398,ENSG00000141574,SECTM1,secreted and transmembrane 1,1.03458349467961,-0.487399141491714,3.01093320249699,0.00356149409972745,0.0155002667280545,-1.87185996520844
102723955,,PDE4DIPP7,PDE4DIP pseudogene 7,1.13758051868948,-1.73313944447859,3.00546408419881,0.00361897197950667,0.0156713048226497,-1.88846041267386
101927871,,LOC101927871,uncharacterized LOC101927871,-1.08980264306466,-1.00533806082091,-2.98581567278594,0.00383264331125632,0.0163315133538174,-1.93011030531737
101928067,,LINC01945,long intergenic non-protein coding RNA 1945,-1.02870652005751,-1.28989085335597,-2.98562758919648,0.00383474404826846,0.0163332813692257,-1.93592497459585
101927281,,LOC101927281,uncharacterized LOC101927281,-1.34341395679722,-2.04585209584001,-2.98191512431014,0.00387642826611218,0.0164523005102894,-1.97372194386581
400120,ENSG00000180440,SERTM1,serine rich and transmembrane domain containing 1,-1.11258265871744,3.37035481047137,-2.98180350861791,0.0038776879855547,0.0164544066675871,-2.1560856361253
728806,,NSFP1,N-ethylmaleimide-sensitive factor pseudogene 1,-1.3739495802006,2.49752496379345,-2.97180049664852,0.00399213723542903,0.0168005560695228,-2.09450343936869
12,ENSG00000196136,SERPINA3,serpin family A member 3,1.80839841378494,3.99360815410466,2.95748068729898,0.00416143038296154,0.0172541646043838,-2.32390343961185
107985078,,LOC107985078,uncharacterized LOC107985078,1.18944500839628,-2.50150494743721,2.95272498468777,0.00421910781332916,0.0173829500273122,-2.03162285362418
400932,ENSG00000205634,LINC00898,long intergenic non-protein coding RNA 898,-1.37023068229175,-1.00009842143998,-2.94406232055008,0.00432607421739322,0.0176917555091572,-2.02806586972479
730811,ENSG00000225619,MYT1L-AS1,MYT1L antisense RNA 1,-1.07239513871649,-2.4413212884766,-2.93596511007028,0.00442832136392944,0.0179904207418298,-2.08639505765367
9332,ENSG00000177575,CD163,CD163 molecule,1.4074677614079,1.76695040809373,2.93587065842485,0.00442952712438377,0.0179919277392987,-2.17943800033164
730,ENSG00000112936,C7,complement C7,1.03956055640904,0.854453052040399,2.93527202902076,0.00443717623035805,0.0180196009264512,-2.1109995385879
9052,ENSG00000013588,GPRC5A,G protein-coupled receptor class C group 5 member A,1.60743350819685,-1.50191101836141,2.93403575564679,0.00445301162738728,0.0180668875364177,-2.0488298203109
5368,ENSG00000168081,PNOC,prepronociceptin,-1.04415694203613,0.91863219051642,-2.90653577542897,0.00481904916224392,0.019148257290686,-2.15781699499281
6347,ENSG00000108691,CCL2,C-C motif chemokine ligand 2,1.11528607726984,0.786133626585734,2.88525806122505,0.00512111325706702,0.0200308952661177,-2.23079380577584
3116,ENSG00000224557,HLA-DPB2,"major histocompatibility complex, class II, DP beta 2 (pseudogene)",-1.08619513248097,-2.64132470079882,-2.88254582110792,0.00516084728095101,0.0201570461397347,-2.20663356539919
101927193,ENSG00000234661,CHL1-AS1,CHL1 antisense RNA 1,-1.16348695459452,-0.405054391387336,-2.87863825830972,0.00521859256728893,0.0203126434910982,-2.17832221739697
23601,ENSG00000258227,CLEC5A,C-type lectin domain containing 5A,1.33302128396192,-1.32205471398459,2.87020325431456,0.00534527949286443,0.0206899180370356,-2.1948059044868
3576,ENSG00000169429,CXCL8,C-X-C motif chemokine ligand 8,1.39991273943012,-0.926347139034944,2.85107618701037,0.00564311862958664,0.0215830510567616,-2.24280002437938
56969,,RPL23AP32,ribosomal protein L23a pseudogene 32,1.10476434717157,-1.41863514050609,2.84215095419663,0.00578726124015967,0.0220082964273827,-2.2579977935755
23547,ENSG00000239961,LILRA4,leukocyte immunoglobulin like receptor A4,1.01737180855945,-0.730511493424456,2.83870724080339,0.00584377711710818,0.0221695272712402,-2.27464918022528
105374235,ENSG00000223930,LOC105374235,uncharacterized LOC105374235,-1.38674904734253,-0.896518571927291,-2.83483425281632,0.00590794415568596,0.0223505638725649,-2.27439605638929
57565,ENSG00000197705,KLHL14,kelch like family member 14,-1.33574289349464,-0.0193098159332927,-2.82784506269424,0.00602538196446959,0.0226550998077893,-2.30226354450893
107986182,,LOC107986182,uncharacterized LOC107986182,-1.18059958492777,-1.68026590630293,-2.81869176551512,0.00618242819120471,0.0230725008444751,-2.31807512371039
6495,ENSG00000126778,SIX1,SIX homeobox 1,1.06215598427657,-1.68593419172545,2.80237164088215,0.00647179949268671,0.0238305523093087,-2.34686693370388
79191,ENSG00000177508,IRX3,iroquois homeobox 3,1.08784484776717,-2.71109720047861,2.80204691890875,0.00647768124475284,0.0238399908106068,-2.36540320601334
101929415,ENSG00000254254,PENK-AS1,PENK antisense RNA 1,-1.14822204264749,-1.93120382273685,-2.79580128559261,0.00659176851030484,0.0241296315164051,-2.372390840653
6280,ENSG00000163220,S100A9,S100 calcium binding protein A9,1.33150852343578,1.12794153647908,2.79203321550397,0.00666148745593456,0.0243212565899207,-2.48010046757933
9720,ENSG00000170160,CCDC144A,coiled-coil domain containing 144A,-1.02855878580817,2.30784464862258,-2.79070057791292,0.0066863061322696,0.0243870823764892,-2.53639780545833
64699,ENSG00000160183,TMPRSS3,transmembrane serine protease 3,1.21433191348536,0.757651273134983,2.78866518381111,0.00672437647735696,0.0244886383643118,-2.46114500577793
57126,ENSG00000204936,CD177,CD177 molecule,1.27772992249554,-1.20443649653137,2.78698734977499,0.00675590832458245,0.0245827006941416,-2.38326199152451
57817,ENSG00000105697,HAMP,hepcidin antimicrobial peptide,1.07454974091528,1.33825188935065,2.7864493881077,0.00676604700789456,0.0246112818758048,-2.50717755176504
22915,ENSG00000138722,MMRN1,multimerin 1,1.09437929172401,-0.28721447767927,2.77644905516523,0.00695707627515485,0.0251153949551319,-2.43240060686602
101929348,,LOC101929348,uncharacterized LOC101929348,1.05593707741607,-2.29029211112675,2.77054191832228,0.00707222559308577,0.0254500928338929,-2.42273292613998
677779,ENSG00000214381,LINC00488,long intergenic non-protein coding RNA 488,-1.11978081963129,-2.11726509212698,-2.75549503972633,0.00737346964541087,0.0262146185743806,-2.46151492780781
2810,ENSG00000175793,SFN,stratifin,1.2208562493246,-1.54292710650108,2.73546958836836,0.00779260512068156,0.0273127704603885,-2.49344562559543
100873921,ENSG00000237341,SYP-AS1,SYP antisense RNA 1,-1.06249551805356,3.00686414050434,-2.73061233618985,0.00789749750616263,0.0275727954402749,-2.7481828614095
2696,ENSG00000010310,GIPR,gastric inhibitory polypeptide receptor,1.00751141544021,1.58190242939248,2.72460148329642,0.00802908769743719,0.0278966464702831,-2.6745071481953
1116,ENSG00000133048,CHI3L1,chitinase 3 like 1,1.01845519895981,5.3186863449567,2.70450389234463,0.00848374174274627,0.0290732393130335,-3.01545053628402
1959,ENSG00000122877,EGR2,early growth response 2,-1.00301064862602,0.67187734705798,-2.69385753561465,0.00873399163575394,0.0297369648868513,-2.64627753253852
105373004,,SYN3-AS1,SYN3 antisense RNA 1,1.02197042555753,0.249871218682195,2.66311231886221,0.00949492166555629,0.0315745335189121,-2.71709098550834
2303,ENSG00000176692,FOXC2,forkhead box C2,1.00395012213096,-0.833408267308968,2.65466568388759,0.00971428470029223,0.0321749291318116,-2.68318269047135
6750,ENSG00000157005,SST,somatostatin,-1.21289724093138,3.53662534317361,-2.64053754067083,0.0100915213043988,0.0330535664365352,-3.0146342289145
6590,ENSG00000124107,SLPI,secretory leukocyte peptidase inhibitor,1.16143223204289,-0.712399094155293,2.63816025883022,0.0101562899663293,0.0331950805814876,-2.72445110547423
101929473,ENSG00000255087,LOC101929473,uncharacterized LOC101929473,-1.01048914214157,-0.681912872716171,-2.6165698487013,0.0107620330465981,0.0345925930231593,-2.75496513263684
143662,ENSG00000169550,MUC15,"mucin 15, cell surface associated",-1.0847157915832,-2.84926743790385,-2.61081022041882,0.0109290711419698,0.0349938109124548,-2.76435230205148
2357,ENSG00000171051,FPR1,formyl peptide receptor 1,1.03154079678373,0.964018781983641,2.60505287959626,0.0110983888400883,0.0354411729562281,-2.89857829849592
3500,ENSG00000211896,IGHG1,immunoglobulin heavy constant gamma 1 (G1m marker),1.46539988800767,-2.59971402895899,2.60484595026275,0.0111045184523989,0.0354502416954675,-2.76725172071588
414196,ENSG00000181800,CELF2-AS1,CELF2 antisense RNA 1,-1.03278078085514,-1.44017211878007,-2.55274364688921,0.0127491438708655,0.0392023895997852,-2.87286398619589
8809,ENSG00000115604,IL18R1,interleukin 18 receptor 1,1.10889637845341,0.204685514768023,2.54822687872501,0.0129015996779268,0.0395639266162036,-2.96930529223145
105377696,,LOC105377696,uncharacterized LOC105377696,-1.05179969753966,-2.17261974444691,-2.54037789355906,0.013170447780661,0.0401664782066783,-2.89616780299574
389941,ENSG00000165985,C1QL3,complement C1q like 3,-1.09568326313981,3.38052745758375,-2.54029239937608,0.0131734038014208,0.0401688170243664,-3.23157175346136
5105,ENSG00000124253,PCK1,phosphoenolpyruvate carboxykinase 1,1.1200961820593,0.379729539965412,2.53892650168826,0.0132207119017102,0.0402959670351658,-3.00230386517704
90632,ENSG00000112541,LINC00473,long intergenic non-protein coding RNA 473,-1.12514715698568,-1.11070617798167,-2.52781957163911,0.0136111279905042,0.0411330847357208,-2.92811559404788
9271,ENSG00000125207,PIWIL1,piwi like RNA-mediated gene silencing 1,-1.01819006607508,-0.586774747802013,-2.51022792514275,0.0142507813622695,0.0426218206938151,-2.9808184280223
101927182,,LOC101927182,uncharacterized LOC101927182,-1.05515240923954,-1.38482269276404,-2.50661419775396,0.0143854841136333,0.0428878065592787,-2.96607676751972
26871,ENSG00000206652,RNU1-1,"RNA, U1 small nuclear 1",1.04674853593632,-2.23014058655891,2.49962276892886,0.014649348665799,0.0434401159115712,-2.97601621815083
166752,ENSG00000183090,FREM3,FRAS1 related extracellular matrix 3,-1.39420652556659,0.755593949600313,-2.49390082348771,0.0148685319535467,0.0439050643130399,-3.0804518420026
10874,ENSG00000109255,NMU,neuromedin U,-1.01723212794675,-1.24393276592347,-2.47986505600296,0.0154187184956697,0.0452157303872588,-3.02253621299322
3358,ENSG00000147246,HTR2C,5-hydroxytryptamine receptor 2C,-1.12189666062254,1.13653207100463,-2.47490431242678,0.0156175044855749,0.0456329252539466,-3.15834403997144
101927728,,LINC01476,long intergenic non-protein coding RNA 1476,-1.08487306745062,-0.657624794137954,-2.47473987859166,0.0156241328650884,0.0456369124860945,-3.04952220637181
140893,ENSG00000130701,RBBP8NL,RBBP8 N-terminal like,-1.09543011424533,-1.99543760640551,-2.45867076502416,0.0162841935395469,0.0470707377765225,-3.05373226593398
105377390,ENSG00000228358,LINC02263,long intergenic non-protein coding RNA 2263,-1.05300140602065,-1.7853341896637,-2.44548028058725,0.0168445779390283,0.0481730760993063,-3.08045176144491
