gene,log2fc,pvalue,padj,regulation
RAB13,1.725797070500015,7.056069180390654e-14,1.570822120938567e-09,Up
ATP6V0E1,1.197861317187438,1.191352815583753e-12,3.048353522689177e-09,Up
S100A11,2.240925103595046,1.232377221462698e-12,3.048353522689177e-09,Up
TRIP10,2.34500673653846,6.138157055024946e-13,3.048353522689177e-09,Up
PRICKLE3,1.953151128500271,5.877756885138656e-13,3.048353522689177e-09,Up
SLC4A8,-1.204700566743979,6.146009674620464e-13,3.048353522689177e-09,Down
CCDC102A,2.105688140187989,9.21871459944134e-13,3.048353522689177e-09,Up
GPSM3,1.729085524871136,8.778510815398898e-13,3.048353522689177e-09,Up
NFKB2,2.124387517231805,1.026463926068568e-12,3.048353522689177e-09,Up
H1-2,1.945932871293706,1.815299152680672e-12,4.041218973697711e-09,Up
NUAK1,-1.248306777228246,2.413050742534098e-12,4.883575966390371e-09,Down
GNG5,1.269491217089773,2.722156421851002e-12,4.893819666506997e-09,Up
RIPOR3,2.406433664492644,2.857769098220778e-12,4.893819666506997e-09,Up
HDAC1,1.224665731279327,3.889827587087334e-12,6.185381553124159e-09,Up
CASP1,1.933936025232788,7.434320005915863e-12,1.003172730545344e-08,Up
PIK3R1,-1.033887468684028,7.660558988083215e-12,1.003172730545344e-08,Down
TNIP2,1.494404871807304,9.379368609776462e-12,1.160019466615798e-08,Up
DYNLT1,0.9918606958154764,1.1279586779328399e-11,1.321611373060046e-08,Up
GSDMD,1.786350905968039,1.2578843609715089e-11,1.400151082197387e-08,Up
LARGE1,-1.294811931855997,1.4222602335515289e-11,1.44225063423515e-08,Down
CMTM3,1.563830652169936,1.425276882273529e-11,1.44225063423515e-08,Up
NUPR1,2.620789724134768,1.5479475675945448e-11,1.4612611862600251e-08,Up
RELL1,1.582168338258143,1.575342218589552e-11,1.4612611862600251e-08,Up
STK38,1.048717310113249,1.777870245628485e-11,1.5831578963272543e-08,Up
FCGRT,1.747926137531268,1.881623178642373e-11,1.6111036616514042e-08,Up
HIVEP2,-1.24740725224121,2.438321942326731e-11,2.006988716436218e-08,Down
FXYD5,2.334868991365939,2.5242873084275496e-11,2.006988716436218e-08,Up
CASP4,2.365346620667919,2.629304421085633e-11,2.01839913869684e-08,Up
MYL12A,1.236049319964984,3.057353997748988e-11,2.2687604899295992e-08,Up
VAMP5,1.618256748314184,3.642011184778801e-11,2.3453751332994062e-08,Up
RYR2,-1.418530319830211,3.5685679473508e-11,2.3453751332994062e-08,Down
ADIRF,1.922261824084036,3.687365450789651e-11,2.3453751332994062e-08,Up
RNASET2,1.47294756993094,3.4144603456564077e-11,2.3453751332994062e-08,Up
ZFP36L2,1.341906196804656,3.5875022484341176e-11,2.3453751332994062e-08,Up
MAP1B,-1.322894803500731,4.012597349742884e-11,2.480556092700973e-08,Down
IRF7,2.033556354299283,4.1227461786872706e-11,2.480556092700973e-08,Up
NBEA,-1.66458439773373,4.241264022926396e-11,2.48471104416809e-08,Down
PKN3,1.913353567752756,4.3943012782568745e-11,2.508357309142424e-08,Up
CDKL5,-1.492814789172567,4.5175123282817305e-11,2.514221486305197e-08,Down
ID3,1.997410394343103,4.8985292103070885e-11,2.6597818848745472e-08,Up
SLC5A10,1.565255945112547,5.3085582442118257e-11,2.813788657920087e-08,Up
MLKL,2.569687616231396,5.7987957039248617e-11,3.002157906064541e-08,Up
RASGRF1,-1.250088673641752,6.181037912078589e-11,3.1273242272430356e-08,Down
EMP3,2.019202556211342,6.332340149566814e-11,3.132679031325698e-08,Up
CD63,0.8674975107502592,7.029149095104356e-11,3.40180254685246e-08,Up
RNF135,1.45088200759418,7.294606683065186e-11,3.433980182557729e-08,Up
PXDC1,1.6420339253729,7.40414377696393e-11,3.433980182557729e-08,Up
DYNC1I1,-1.65859811391199,7.65961483501849e-11,3.4799662338200336e-08,Down
MOB3C,1.332696699636791,8.259801541832397e-11,3.677594038485457e-08,Up
IL2RG,1.813980770151772,8.610438865854654e-11,3.7585409810128685e-08,Up
TEAD2,2.153274394975053,9.173779372673739e-11,3.9274360845089e-08,Up
TCIRG1,1.198998205728711,9.822840716900531e-11,4.027379512104911e-08,Up
ZIC1,1.627305911308615,9.88279469395744e-11,4.027379512104911e-08,Up
ARPC1B,1.568610430824505,9.949953875023362e-11,4.027379512104911e-08,Up
ICAM2,1.656789279002604,1.0732495041784629e-10,4.2665500825037393e-08,Up
TAGLN2,1.688494869368537,1.149712865348512e-10,4.490334703226064e-08,Up
KCNE4,3.036585351378903,1.35352004409507e-10,5.02201053694074e-08,Up
ANXA5,1.093613895583348,1.330439704911159e-10,5.02201053694074e-08,Up
NXN,1.554914949793166,1.337873767366041e-10,5.02201053694074e-08,Up
EIF4EBP1,1.564752128959669,1.3817667254039448e-10,5.0427689903184624e-08,Up
HNRNPF,0.9307933651113496,1.4464748916480168e-10,5.1937780706238946e-08,Up
ATOH8,2.134413140375309,1.4789290679046328e-10,5.1943534603030286e-08,Up
LINC00482,2.078899507247218,1.4933007881564718e-10,5.1943534603030286e-08,Up
GPR4,2.985499883634479,1.586034438769823e-10,5.432045950137508e-08,Up
DUSP23,1.10406243949333,1.80711211116115e-10,6.095443911919623e-08,Up
IFI16,1.36126466616268,1.8456256154589278e-10,6.132435440499501e-08,Up
CLIC1,2.089554520989968,1.942006148629881e-10,6.357785423646824e-08,Up
SQOR,1.706149051431343,1.9912099566349128e-10,6.424393631102382e-08,Up
SLC6A12,1.454734712065396,2.040888325346898e-10,6.490607985553236e-08,Up
CSF1,1.995034197751115,2.0956945156692318e-10,6.571035395468793e-08,Up
DOK1,1.577239067229005,2.19410363531387e-10,6.596074451324879e-08,Up
PTTG1IP,1.227461947605423,2.2240385228031187e-10,6.596074451324879e-08,Up
DCLK1,-1.774731617959483,2.286410091540912e-10,6.596074451324879e-08,Down
WDR7,-0.969685636063109,2.2352516149241627e-10,6.596074451324879e-08,Down
AGAP11,1.691166170872612,2.3119826807280768e-10,6.596074451324879e-08,Up
HSPA12A,-1.104973740787093,2.3069199245102288e-10,6.596074451324879e-08,Down
FAM131A,-1.107231571374593,2.3164836213794017e-10,6.596074451324879e-08,Down
SLC26A6,1.612478587013312,2.340714588332878e-10,6.596074451324879e-08,Up
TGIF1,1.791233322501322,2.379212873972335e-10,6.614219620172936e-08,Up
SBNO2,1.691381969641968,2.406575281798615e-10,6.614219620172936e-08,Up
SMTN,2.252990424293011,2.497598253623176e-10,6.693919584252302e-08,Up
MOV10,1.253011228126202,2.5147988678168846e-10,6.693919584252302e-08,Up
EPHA2,2.149508721475813,2.525780455831432e-10,6.693919584252302e-08,Up
ELAPOR1,-0.8785106041185351,2.581260369815279e-10,6.760472747391499e-08,Down
CYBA,2.046339834956235,2.7680461933376477e-10,7.165377250707293e-08,Up
SERPINB6,1.150346363559233,2.8038918910802975e-10,7.174740376922943e-08,Up
PRR29,1.342561380746,2.870491824523985e-10,7.200002070094691e-08,Up
RBMS2,1.361101679538996,2.878448406425422e-10,7.200002070094691e-08,Up
ATL1,-1.154703854837634,3.00612428296117e-10,7.435815420809062e-08,Down
GRAP,1.530446714953269,3.0614602506360166e-10,7.489475615347142e-08,Up
YBX1,1.11289817572899,3.112110349331555e-10,7.53063049965425e-08,Up
GIMAP4,1.307941911792889,3.147968806025967e-10,7.53549264083334e-08,Up
ATRN,-0.7732808102931479,3.2157746829358987e-10,7.582761024896515e-08,Down
IL3RA,1.53563881998399,3.2358381877871207e-10,7.582761024896515e-08,Up
SLC43A3,1.397167471333843,3.468769736298303e-10,8.02342314513706e-08,Up
GPR146,1.721699202272866,3.495966422955236e-10,8.02342314513706e-08,Up
HEBP2,1.261389073420448,3.676891793211358e-10,8.351236639559933e-08,Up
S100A10,1.987453003055878,3.7138281704987566e-10,8.351236639559933e-08,Up
GIMAP2,1.376874682741288,3.8761847331253437e-10,8.629162452883643e-08,Up
HERC1,-0.767064532740104,4.1647889734789926e-10,9.179854666097952e-08,Down
